,Company_Brand,Sector,Stage,Amount($),HeadQuarter,Year
0,TheCollegeFever,Commerce,Pre-series A,250000.0,Bangalore,2018
1,Happy Cow Dairy,Agriculture,Pre-series A,588000.0,Mumbai,2018
2,MyLoanCare,Finance,Series A,955500.0,Gurgaon,2018
3,PayMe India,Finance,Angel Round,2000000.0,Noida,2018
4,Hasura,Technology,Pre-series A,1600000.0,Bangalore,2018
5,Tripshelf,Commerce,Pre-series A,235200.0,New Delhi,2018
6,Hyperdata.IO,Business Intelligence,Angel Round,735000.0,Hyderabad,2018
7,Pitstop,Transport,Pre-series A,1470000.0,Bangalore,2018
8,Mihuru,Finance,Pre-series A,150000.0,Mumbai,2018
9,Fyle,Finance,Pre-series A,1100000.0,Bangalore,2018
10,Antariksh Waste Ventures Pvt ltd,Business Intelligence,Pre-series A,7350.0,Chennai,2018
11,Cogoport,Transport,Series A,6000000.0,Mumbai,2018
12,PaisaDukan,Finance,Pre-series A,650000.0,Mumbai,2018
13,Sleepy Owl Coffee,Food & Beverages,Pre-series A,514500.0,New Delhi,2018
14,BlueJack,Transport,Pre-series A,940800.0,New Delhi,2018
15,Pando,Transport,Pre-series A,2000000.0,Chennai,2018
16,Mintifi,Finance,Pre-series A,2000000.0,Mumbai,2018
17,Carcrew,Transport,Pre-series A,2000000.0,Mumbai,2018
18,Chariot Tech,Telecommunications,Pre-series A,294000.0,New Delhi,2018
19,Ideal Insurance Brokers/ 121Policy.com,Finance,Pre-series A,1000000.0,Kolkata,2018
20,Mojro Technologies,Transport,Pre-series A,650000.0,Bangalore,2018
21,Elemential,Finance,Pre-series A,1000000.0,Mumbai,2018
22,Loadshare,Transport,Series A,5000000.0,Bangalore,2018
23,Yumlane,Food & Beverages,Series A,4000000.0,Mumbai,2018
24,Kriger Campus,Education,Pre-series A,441000.0,New Delhi,2018
25,Pipa+Bella,Beauty & Fashion,Series A,1000000.0,Mumbai,2018
26,Kaleidofin,Finance,Pre-series A,2800000.0,Chennai,2018
27,IndigoLearn,Education,Pre-series A,150000.0,Hyderabad,2018
28,UClean,Energy,Pre-series A,588000.0,Haryana,2018
29,Coutloot,Beauty & Fashion,Pre-series A,1000000.0,Mumbai,2018
30,Letstrack,Technology,Pre-series A,1700000.0,New Delhi,2018
31,Finzy,Finance,Pre-series A,1300000.0,Bangalore,2018
32,Fitternity,LifeStyle,Pre-series A,2000000.0,Mumbai,2018
33,Tolet for Students,Hospitality,Pre-series A,73500.0,Jodhpur,2018
34,Chai Kings,Food & Beverages,Pre-series A,294000.0,Chennai,2018
35,Dainik Jagran,Media & Entertainment,Pre-series A,588000.0,Kannur,2018
36,Playtoome,Media & Entertainment,Pre-series A,294000.0,Bangalore,2018
37,ONGO Framework,Business Intelligence,Angel Round,1000000.0,Hyderabad,2018
38,Notesgen,Education,Pre-series A,183750.0,New Delhi,2018
39,Arogya MedTech,Health,Pre-series A,220500.0,Kolkata,2018
40,Propshop24,Commerce,Pre-series A,500000.0,Mumbai,2018
41,myUpchar,LifeStyle,Series A,5000000.0,New Delhi,2018
42,Rooter,Sports,Pre-series A,661500.0,New Delhi,2018
43,ZestMoney,Finance,Series A,13400000.0,Bangalore,2018
44,MyDentistChoice,Health,Pre-series A,500000.0,Hyderabad,2018
45,Sensibull,Finance,Pre-series A,367500.0,Bangalore,2018
46,MedCords,LifeStyle,Pre-series A,388080.0,Pune,2018
47,Enakshi,Beauty & Fashion,Pre-series A,117600.0,Ahmedabad,2018
48,Ultraviolette Automotive,Transport,Series A,882.0,Bangalore,2018
49,Inthree Access,Business Intelligence,Series A,4000000.0,Chennai,2018
50,BUGWORKS Research India,Commerce,Series A,9000000.0,Bangalore,2018
51,PrestLoans,Finance,Pre-series A,100000.0,New Delhi,2018
52,Wimoxez,Technology,Pre-series A,20000.0,Hyderabad,2018
53,HappyEMI,Finance,Pre-series A,1000000.0,Bangalore,2018
54,Hansel.io,Technology,Series A,4000000.0,Bangalore,2018
55,Propelld,Finance,Pre-series A,250000.0,Bangalore,2018
56,ZiffyHomes,Commerce,Pre-series A,120000.0,New Delhi,2018
57,Carmesi,Health,Pre-series A,499800.0,Gurgaon,2018
58,Racetrack,Media & Entertainment,Pre-series A,5027400.0,Bangalore,2018
59,WHR,Health,Pre-series A,143145.0,Pune,2018
60,FabAlley,Beauty & Fashion,Series B,8820000.0,Noida,2018
61,SBI Life,Finance,Equity,742000000.0,Mumbai,2018
62,Studds Accessories,Commerce,Equity,14700000.0,Faridabad,2018
63,Design Cafe,LifeStyle,Series B,29400000.0,Bangalore,2018
64,NoPaperForms Solutions Pvt. Ltd.,Business Intelligence,Series B,3980000.0,New Delhi,2018
65,AuthMetrik,Commerce,Grant,10000.0,Gurgaon,2018
66,LetsTransport,Transport,Series B,14700000.0,Bangalore,2018
67,Next Digital Solutions,Commerce,Angel Round,1470.0,Kota,2018
68,Portea Medical,Hospitality,Debt,3675000.0,Bangalore,2018
69,Aavas Financiers,Finance,Debt,29400000.0,Jaipur,2018
70,Swiggy,Food & Beverages,Series H,1000000000.0,Bangalore,2018
71,Milkbasket,Food & Beverages,Series A,7000000.0,Haryana,2018
72,Toppr,Business Intelligence,Series C,35000000.0,Mumbai,2018
73,Be U Salons,Beauty & Fashion,Pre-series A,441000.0,New Delhi,2018
74,Impact Guru,Finance,Series A,2000000.0,Mumbai,2018
75,MobiKwik,Finance,Series E,3528000.0,Gurgaon,2018
76,DataTrained,Education,Pre-series A,1764000.0,Bangalore,2018
77,OneAssist,Finance,Debt,2400000.0,Mumbai,2018
78,Satin Creditcare Network Limited (SCNL),Finance,Debt,30000000.0,New Delhi,2018
79,APAC Financial Services,Finance,Equity,36750000.0,Mumbai,2018
80,Moglix,Commerce,Series C,23000000.0,Noida,2018
81,Shop101,Commerce,Series B,11000000.0,Mumbai,2018
82,FeedMyPockets,Business Intelligence,Pre-series A,646800.0,Bangalore,2018
83,Housejoy,Beauty & Fashion,Series B,3240000.0,Bangalore,2018
84,FoodBuddy,Food & Beverages,Pre-series A,882000.0,Belgaum,2018
85,Ninjacart,Business Intelligence,Series B,36750000.0,Bangalore,2018
86,BYJUâ€™S,Education,Equity,540000000.0,Bangalore,2018
87,PerkFinance,Finance,Pre-series A,900000.0,Bangalore,2018
88,Roposo,Business Intelligence,Series C,10000000.0,Gurgaon,2018
89,OTO Capital,Transport,Pre-series A,735000.0,Mumbai,2018
90,Boodmo,Transport,Pre-series A,1029000.0,Gurgaon,2018
91,HalaPlay Technologies,Sports,Series A,5000000.0,Bangalore,2018
92,PlanetSpark,Education,Pre-series A,235200.0,Gurgaon,2018
93,Forum for Innovation Incubation Research and Entrepreneurship,Finance,Grant,1506750.0,Margao,2018
94,OYO,Hospitality,Series E,100000000.0,Gurgaon,2018
95,Quikr,Commerce,Debt,8085000.0,Bangalore,2018
96,LearnApp,Finance,Pre-series A,294000.0,Noida,2018
97,Articbot,Technology,Grant,17640.0,Kannur,2018
98,BuildSupply,Business Intelligence,Series A,3675000.0,Gurgaon,2018
99,Fusion Microfinance,Finance,Series E,76440000.0,New Delhi,2018
100,Guiddoo World,Hospitality,Pre-series A,800000.0,Mumbai,2018
101,UnoTag,Technology,Pre-series A,100000.0,Bangalore,2018
102,CivilCops,Government,Pre-series A,100000.0,Gurgaon,2018
103,artbandhu,Media & Entertainment,Pre-series A,15000.0,Bangalore,2018
104,Survaider,Business Intelligence,Pre-series A,500000.0,Bangalore,2018
105,Credy,Finance,Pre-series A,1400000.0,Bangalore,2018
106,iChamp,Education,Pre-series A,5000000.0,Gurgaon,2018
107,Qandle,Technology,Pre-series A,1200000.0,Gurgaon,2018
108,Avishkaar Box,Education,Pre-series A,735000.0,New Delhi,2018
109,HyperXchange,Commerce,Series A,1000000.0,Pune,2018
110,Doodhwala,Food & Beverages,Pre-series A,2200000.0,Bangalore,2018
111,DronaHQ,Technology,Angel Round,500000.0,Mumbai,2018
112,FastFox,Real Estate,Series A,1470000.0,Gurgaon,2018
113,Colive.in,Commerce,Pre-series A,1800000.0,Bangalore,2018
114,Agricxlab Private Limited,Commerce,Pre-series A,500000.0,Thane,2018
115,Fincash.com,Finance,Pre-series A,150000.0,Mumbai,2018
116,Pandorum Technologies,Health,Series A,3600000.0,Bangalore,2018
117,Shirsa Labs,LifeStyle,Pre-series A,500000.0,Mumbai,2018
118,PetSutra,Health,Pre-series A,139650.0,Gurgaon,2018
119,PinkBlue,Business Intelligence,Pre-series A,300000.0,Bangalore,2018
120,Eduvanz,Finance,Angel Round,500000.0,Mumbai,2018
121,Rupeek,Finance,Series A,6830000.0,Bangalore,2018
122,Backpacker Panda Holidays Private Limited,Hospitality,Series A,1400000.0,Pune,2018
123,Shape (School Health and Physical Education),Education,Pre-series A,200000.0,Pune,2018
124,Placio,Hospitality,Pre-series A,2000000.0,Noida,2018
125,Aviom India Housing Finance,Finance,Series A,2205000.0,New Delhi,2018
126,HeyHolidays,Hospitality,Pre-series A,1000000.0,Bangalore,2018
127,Pratilipi,Media & Entertainment,Series A,4300000.0,Bangalore,2018
128,Silversparro Technologies Pvt. Ltd,Business Intelligence,Pre-series A,300000.0,Gurgaon,2018
129,Emflux Motors,Transport,Pre-series A,364846.0,Bangalore,2018
130,Tricog Health Services Pvt Ltd,Business Intelligence,Series A,4000000.0,Bangalore,2018
131,Scapic,Technology,Pre-series A,500000.0,Bangalore,2018
132,6Degree,Beauty & Fashion,Pre-series A,400000.0,Mumbai,2018
133,Ekincare,Health,Series A,1500000.0,Hyderabad,2018
134,Groww,Finance,Pre-series A,120000.0,Kormangala,2018
135,Chezuba,Business Intelligence,Angel Round,20580.0,Hyderabad,2018
136,Wealthtrust,Finance,Pre-series A,500000.0,Mumbai,2018
137,Awign Enterprises,Business Intelligence,Pre-series A,735000.0,Bangalore,2018
138,Hubhopper,Sports,Series A,500000.0,New Delhi,2018
139,Rubix108 Technologies,Technology,Pre-series A,1000000.0,Pune,2018
140,Workflexi,Business Intelligence,Pre-series A,147000.0,Bangalore,2018
141,Streak,Finance,Pre-series A,330750.0,Bangalore,2018
142,Kuants,Finance,Pre-series A,73500.0,Gurgaon,2018
143,NiYO Solutions,Finance,Series A,13200000.0,Bangalore,2018
144,Simulanis,LifeStyle,Pre-series A,500000.0,New Delhi,2018
145,MY CHIRAAG CAB,Hospitality,Pre-series A,1000000.0,Jaipur,2018
146,True Elements,Food & Beverages,Pre-series A,735000.0,Pune,2018
147,Trendlyne Technologies,Finance,Pre-series A,200000.0,Bangalore,2018
148,Planys Technologies,Energy,Series A,2060940.0,Chennai,2018
149,HealthPlix,LifeStyle,Series A,3000000.0,Bangalore,2018
150,Entropik Technology,Education,Pre-series A,1100000.0,Bangalore,2018
151,myHQ,Business Intelligence,Series A,500000.0,New Delhi,2018
152,Kidovators (by GyanLab),Education,Pre-series A,180000.0,Bangalore,2018
153,Log 9 Materials,Technology,Pre-series A,441000.0,Uttar Pradesh,2018
154,VTION,Business Intelligence,Pre-series A,282240.0,Gurgaon,2018
155,RupeeCircle,Finance,Pre-series A,588000.0,Mumbai,2018
156,Wooden Street,LifeStyle,Series A,1000000.0,Jaipur,2018
157,The Ken,Media & Entertainment,Series A,1500000.0,Bangalore,2018
158,Foyr,LifeStyle,Series A,4200000.0,Pune,2018
159,MEngage,Health,Pre-series A,175000.0,Jaipur,2018
160,Wishberry,Finance,Series A,1470000.0,Mumbai,2018
161,McXtra,Finance,Pre-series A,1300000.0,Andheri,2018
162,SmartVizX,Technology,Pre-series A,1450000.0,Noida,2018
163,HungerBox,Food & Beverages,Series A,4500000.0,Bangalore,2018
164,Biryani By Kilo,Food & Beverages,Pre-series A,1000000.0,Noida,2018
165,Wholesome Habits (EAT Anytime),Food & Beverages,Pre-series A,500000.0,Mumbai,2018
166,GoBumpr,Transport,Pre-series A,600000.0,Mylapore,2018
167,Fixpocket,LifeStyle,Pre-series A,250000.0,Ahmedabad,2018
168,edureka!,Finance,Series A,2000000.0,Bangalore,2018
169,Wow Express,Technology,Series A,4500000.0,Mumbai,2018
170,ZunRoof,Energy,Angel Round,244020.0,Gurgaon,2018
171,Eggoz,Food & Beverages,Angel Round,176400.0,Indore,2018
172,Sqrrl Fintech,Finance,Pre-series A,1000000.0,Gurgaon,2018
173,IndiQube,Business Intelligence,Series A,15000000.0,Bangalore,2018
174,EGK Foods,Food & Beverages,Pre-series A,294000.0,Mumbai,2018
175,NirogStreet,Health,Pre-series A,300000.0,Gurgaon,2018
176,Pixr8,Business Intelligence,Pre-series A,50000.0,Ghaziabad,2018
177,Nivesh.com,Finance,Pre-series A,441000.0,Noida,2018
178,Hey Deedee,Transport,Pre-series A,485100.0,Mumbai,2018
179,DigiConnectt Technologys,Business Intelligence,Pre-series A,125000.0,Bangalore,2018
180,Locus.sh,Transport,Series A,4000000.0,Bangalore,2018
181,Sports Flashes Pvt. Ltd,LifeStyle,Pre-series A,1000000.0,New Delhi,2018
182,Picxy,Technology,Pre-series A,130000.0,Guntur,2018
183,Huddle,Business Intelligence,Pre-series A,300000.0,Haryana,2018
184,Cash Suvidha,Finance,Pre-series A,1000000.0,New Delhi,2018
185,Smartcoin,Finance,Pre-series A,2000000.0,Bangalore,2018
186,Printline Media(ThePrint),Media & Entertainment,Pre-series A,513030.0,New Delhi,2018
187,Doxper,Hospitality,Pre-series A,1058400.0,Mumbai,2018
188,i2ifunding,Finance,Angel Round,735000.0,Noida,2018
189,Fasal,Education,Pre-series A,120000.0,Bangalore,2018
190,CoinGeto,Finance,Pre-series A,1764000.0,New Delhi,2018
191,Avail Finance,Finance,Series A,17200000.0,Bangalore,2018
192,Tripeur,Technology,Pre-series A,600000.0,Bangalore,2018
193,Doubtnut,Education,Pre-series A,514500.0,Gurgaon,2018
194,MCaffeine,Commerce,Pre-series A,470400.0,Mumbai,2018
195,TrustCheckr,Technology,Angel Round,100000.0,Bangalore,2018
196,HealthAssure,LifeStyle,Pre-series A,1000000.0,Mumbai,2018
197,Picture TIme,Media & Entertainment,Pre-series A,3675000.0,New Delhi,2018
198,1Crowd,Finance,Angel Round,3500000.0,Mumbai,2018
199,Wellthy Therapeutics Pvt Ltd,Hospitality,Pre-series A,1984500.0,Mumbai,2018
200,Kuvera.in,Finance,Angel Round,250000.0,Bangalore,2018
201,Livehealth,Business Intelligence,Pre-series A,1100000.0,Pune,2018
202,Gramophone,Agriculture,Pre-series A,1000000.0,Indore,2018
203,Buddy4Study.com,Business Intelligence,Series A,3000000.0,Noida,2018
204,HealWell24,LifeStyle,Pre-series A,200000.0,Mumbai,2018
205,Acko General Insurance,Finance,Series A,12000000.0,Mumbai,2018
206,arzooo.com,Commerce,Pre-series A,220500.0,Bangalore,2018
207,Bonphul Air Products,Technology,Angel Round,294000.0,New Delhi,2018
208,Edyoo,Education,Pre-series A,1000000.0,Bangalore,2018
209,Chtrbox,Business Intelligence,Angel Round,147000.0,Mumbai,2018
210,Aashiyaan Housing and Development Finance,Finance,Pre-series A,1984500.0,Kolkata,2018
211,BetterPlace Safety Solutions Pvt. Ltd.,Business Intelligence,Series A,3000000.0,Bangalore,2018
212,Cashkumar,Finance,Pre-series A,735000.0,Bangalore,2018
213,Rocketium,Commerce,Pre-series A,294000.0,Bangalore,2018
214,mfine,Hospitality,Series A,4200000.0,Bangalore,2018
215,Earth Food,Food & Beverages,Pre-series A,940800.0,Pune,2018
216,Charcoal Eats,Food & Beverages,Pre-series A,735000.0,Mumbai,2018
217,Career Anna,Education,Pre-series A,588000.0,Bangalore,2018
218,ERUDITUS Executive Education,Business Intelligence,Series C,40000000.0,Mumbai,2018
219,Square Off,Manufacturing,Pre-series A,1100000.0,Mumbai,2018
220,UrbanClap,Business Intelligence,Series D,50000000.0,New Delhi,2018
221,Hospals,Hospitality,Pre-series A,1500000.0,New Delhi,2018
222,Kogta Financial India Limited,Finance,Series B,22638000.0,Jaipur,2018
223,Hush - Speak Up. Make Work Better,Government,Pre-series A,661500.0,Bangalore,2018
224,Drivezy,Transport,Debt,100000000.0,Bangalore,2018
225,Freyr Energy,Energy,Series A,1500000.0,Hyderabad,2018
226,NIRAMAI Health Analytix,Hospitality,Pre-series A,6000000.0,Bangalore,2018
227,CloudSek,Technology,Pre-series A,2058000.0,Bangalore,2018
228,Lendbox,Finance,Pre-series A,882000.0,New Delhi,2018
229,Verloop,Hospitality,Series A,3000000.0,Bangalore,2018
230,Paymatrix,Finance,Pre-series A,100000.0,Hyderabad,2018
231,Idha Skin Clinic,Beauty & Fashion,Pre-series A,73500.0,Bangalore,2018
232,InCred,Finance,Equity,41900000.0,Mumbai,2018
233,Vedantu,Education,Series B,11000000.0,Bangalore,2018
234,Stelis Biopharma,Health,Series B,100000000.0,Bangalore,2018
235,Magicpin,Commerce,Series C,20727000.0,Gurgaon,2018
236,Mech Mocha,Sports,Series B,3530000.0,Bangalore,2018
237,Aye Finance,Finance,Debt,1058400.0,Gurgaon,2018
238,Aldopay,Finance,Pre-series A,200000.0,Chennai,2018
239,Detect Technologies,Energy,Series A,3300000.0,Chennai,2018
240,Signzy,Finance,Series A,3528000.0,Bangalore,2018
241,CashRich,Finance,Pre-series A,1000000.0,Mumbai,2018
242,CropIn Technologies,Agriculture,Series B,8526000.0,Bangalore,2018
243,Yaantra,Business Intelligence,Debt,2000000.0,New Delhi,2018
244,TECHBOOZE,Education,Pre-series A,100000.0,New Delhi,2018
245,HealthifyMe,LifeStyle,Series B,6000000.0,Bangalore,2018
246,hoi foods,Food & Beverages,Pre-series A,529200.0,Gurgaon,2018
247,Perpule,Finance,Series A,4998000.0,Bangalore,2018
248,Royal Sundaram General Insurance Co. Limited,Finance,Corporate Round,210000000.0,Chennai,2018
249,CleanseCar,Transport,Angel Round,514500.0,Bangalore,2018
250,Spinny,Commerce,Series A,11000000.0,Gurgaon,2018
251,Med365 Healthcare,Health,Pre-series A,735000.0,Jaipur,2018
252,Dunzo,Hospitality,Debt,1029000.0,Bangalore,2018
253,Mobile Premier League (MPL),Sports,Series A,5000000.0,Bangalore,2018
254,Meesho,Commerce,Series C,50000000.0,Bangalore,2018
255,BhaskarGuru,Technology,Pre-series A,1000000.0,Bhopal,2018
256,Gugu,Transport,Pre-series A,250000.0,Coimbatore,2018
257,Vizzbee,Commerce,Pre-series A,20000.0,Bhopal,2018
258,BIGPHI TECHNOLOGIES PVT. LTD.,Beauty & Fashion,Angel Round,900000.0,Bangalore,2018
259,GamingMonk,Sports,Series A,588000.0,New Delhi,2018
260,INDwealth,Finance,Pre-series A,32340000.0,Gurgaon,2018
261,Medikabazaar,Commerce,Series A,5000000.0,Mumbai,2018
262,NIRA,Finance,Pre-series A,1000000.0,Bangalore,2018
263,Duroflex Pvt. Ltd.,Commerce,Equity,22000000.0,Alleppey,2018
264,Jetbrain Robotics,Hospitality,Pre-series A,70000.0,Gurgaon,2018
265,Indiabulls Ventures,Finance,Equity,226262400.0,Mumbai,2018
266,Vistara,Transport,Equity,294000000.0,Haryana,2018
267,ClearTax,Finance,Series B,58800000.0,New Delhi,2018
268,Shuttl,Transport,Debt,1000000.0,Gurgaon,2018
269,GuruQ,Technology,Pre-series A,367500.0,New Delhi,2018
270,Azure Power,Energy,Equity,185000000.0,New Delhi,2018
271,Cube,Finance,Series A,2058000.0,Mumbai,2018
272,LetsMD,LifeStyle,Pre-series A,1000000.0,New Delhi,2018
273,Twenty Two Motors,Transport,Corporate Round,65000000.0,Haryana,2018
274,Truebil,Transport,Series A,2000000.0,Mumbai,2018
275,Worxogo,Technology,Series A,2425500.0,Bangalore,2018
276,Vivish Technologies (myGate),Business Intelligence,Series A,9555000.0,Bangalore,2018
277,Virtual MetalStreet(MetalStreet),Commerce,Angel Round,700000.0,Bangalore,2018
278,Innov8 Coworking,Business Intelligence,Pre-series A,4000000.0,New Delhi,2018
279,Blackbuck,Transport,Series D,29835120.0,Bangalore,2018
280,Cardekho,Transport,Series C,75000000.0,Gurgaon,2018
281,ElasticRun,Transport,Series B,8820000.0,Pune,2018
282,Droom Technology Private Limited,Transport,Series E,30000000.0,Gurgaon,2018
283,Vogo Rentals,Transport,Debt,1176000.0,Kormangala,2018
284,LivQuik,Finance,Corporate Round,2700000.0,Mumbai,2018
285,Disprz,Education,Debt,400000.0,Chennai,2018
286,9stacks,Sports,Series A,4116000.0,New Delhi,2018
287,YourOwnROOM,Business Intelligence,Pre-series A,750000.0,Bangalore,2018
288,Vahdam Teas,Food & Beverages,Series B,2500000.0,New Delhi,2018
289,PharmEasy,LifeStyle,Series C,80000000.0,Mumbai,2018
290,Licious,Transport,Series C,25000000.0,Bangalore,2018
291,Bounce (Metro Bikes),Transport,Debt,3000000.0,Bangalore,2018
292,Goals101,Finance,Pre-series A,3500000.0,New Delhi,2018
293,Ummeed Housing Finance Private Limited,Finance,Series C,8820000.0,Haryana,2018
294,StockEdge,Business Intelligence,Pre-series A,1100000.0,Kolkata,2018
295,Urban Ladder,LifeStyle,Debt,5600000.0,Bangalore,2018
296,Parkwheels,Manufacturing,Pre-series A,176400.0,Haryana,2018
297,ShareChat,Business Intelligence,Series C,99230000.0,Bangalore,2018
298,Cyclops Medtech,Education,Pre-series A,1000000.0,Bangalore,2018
299,Livspace,LifeStyle,Series C,70000000.0,Bangalore,2018
300,NewsBytes,Hospitality,Pre-series A,1000000.0,Gurgaon,2018
301,Leena AI,Business Intelligence,Pre-series A,2000000.0,Gurgaon,2018
302,GoGaga,Business Intelligence,Pre-series A,40000.0,Bangalore,2018
303,Mate Labs,Education,Pre-series A,550000.0,Bangalore,2018
304,DocPrime,Finance,Pre-series A,50000000.0,Haryana,2018
305,CLP India Pvt. Ltd.,Energy,Equity,365000000.0,Mumbai,2018
306,Vokal,Business Intelligence,Series A,1500000.0,Bangalore,2018
307,Kissht,Finance,Series C,30000000.0,Mumbai,2018
308,Upwards Fintech,Finance,Series A,5000000.0,Mumbai,2018
309,Bon(Bonfleet Solutions),Finance,Pre-series A,1146600.0,Pune,2018
310,Mamaearth,Commerce,Series A,4000000.0,Gurgaon,2018
311,Verzeo,Education,Series A,5000000.0,Bangalore,2018
312,Haazri,Food & Beverages,Pre-series A,183750.0,Mumbai,2018
313,Flyrobe,Beauty & Fashion,Series B,3880800.0,Mumbai,2018
314,Dream11,Sports,Series D,100000000.0,Mumbai,2018
315,Chaayos,Food & Beverages,Series B,11907000.0,New Delhi,2018
316,LT Foods,Food & Beverages,Equity,20580000.0,New Delhi,2018
317,Multibashi,Education,Pre-series A,147000.0,Bangalore,2018
318,Dailyhunt,Media & Entertainment,Series E,6000000.0,Bangalore,2018
319,SlicePay,Finance,Series A,14900000.0,Bangalore,2018
320,Udaan,Commerce,Series C,225000000.0,Bangalore,2018
321,Mombay,Food & Beverages,Pre-series A,7500.0,Mumbai,2018
322,Droni Tech,Technology,Pre-series A,514500.0,Mumbai,2018
323,Netmeds,Health,Series C,35000000.0,Chennai,2018
324,Ruangguru,Education,Series C,150000000.0,Mumbai,2019
325,Eduisfun,Education,Pre-series A,28000000.0,Mumbai,2019
326,HomeLane,LifeStyle,Series D,30000000.0,Chennai,2019
327,Kratikal,Technology,Pre-series A,1000000.0,Noida,2019
328,Lenskart,Commerce,Series G,275000000.0,New Delhi,2019
329,Kaleidofin,Finance,Series A,5000000.0,Chennai,2019
330,Zest Money,Finance,Series B,15000000.0,Bangalore,2019
331,Seekify,Technology,Pre-series A,1500000.0,New Delhi,2019
332,Toffee Insurance,Finance,Series A,5500000.0,Haryana,2019
333,HungerBox,Food & Beverages,Series C,12000000.0,Bangalore,2019
334,Licious,Food & Beverages,Series E,30000000.0,Bangalore,2019
335,HappyEasyGo,Hospitality,Series B,49400000.0,Gurgaon,2019
336,Zetwerk,Manufacturing,Series B,32000000.0,Bangalore,2019
337,Observe.AI,Technology,Series A,26000000.0,Bangalore,2019
338,Freshokartz,Commerce,Pre-series A,150000.0,Jaipur,2019
339,Trell,Media & Entertainment,Pre-series A,2000000.0,Bangalore,2019
340,Rein Games,Technology,Pre-series A,50000000.0,Noida,2019
341,Ecozen,Agriculture,Series A,6000000.0,Pune,2019
342,Purplle,Beauty & Fashion,Series C,30000000.0,Mumbai,2019
343,Freightwalla,Commerce,Series A,4000000.0,Mumbai,2019
344,eJOHRI,Beauty & Fashion,Pre-series A,1000000.0,Mumbai,2019
345,Moms Co,Commerce,Series B,5000000.0,New Delhi,2019
346,Licious,Food & Beverages,Series D,25000000.0,Bangalore,2019
347,CarDekho,Technology,Series D,70000000.0,Jaipur,2019
348,Shadowfax,Transport,Series D,60000000.0,Bangalore,2019
349,IndyFint,Finance,Series A,2100000.0,Bangalore,2019
350,Kratikal,Technology,Pre-series A,1000000.0,Uttar Pradesh,2019
351,Froogal,Hospitality,Pre-series A,1000000.0,Hyderabad,2019
352,Infra.Market,Technology,Series A,20000000.0,Mumbai,2019
353,GoMechanic,Technology,Series B,5000000.0,New Delhi,2019
354,Krayonnz,Education,Pre-series A,100000.0,Bangalore,2020
355,qZense,Agriculture,Pre-series A,600000.0,Bangalore,2020
356,MyClassboard,Education,Pre-series A,600000.0,Hyderabad,2020
357,Rupeek,Finance,Series C,45000000.0,Bangalore,2020
358,Gig India,Finance,Pre-series A,1000000.0,Pune,2020
359,Slurrp Farm,Food & Beverages,Series A,2000000.0,Gurgaon,2020
360,Shiprocket,Commerce,Series C,7500000.0,New Delhi,2020
361,CoinDCX,Finance,Series B,10000000.0,Mumbai,2020
362,Arya,Agriculture,Series B,21000000.0,Noida,2020
363,Countingwell,Education,Pre-series A,1000000.0,Bangalore,2020
364,Callify.ai,Technology,Pre-series A,560000.0,Mumbai,2020
365,Cover it Up,Commerce,Pre-series A,400000.0,Chennai,2020
366,BiteSpeed,Commerce,Pre-series A,275000.0,Gurgaon,2020
367,WakeFit,Commerce,Series B,20000000.0,Bangalore,2020
368,PagarBook,Technology,Series A,15000000.0,Bangalore,2020
369,Infinite Uptime,Technology,Series B,5100000.0,Pune,2020
370,HappyLocate,Technology,Pre-series A,500000.0,Bangalore,2020
371,Loop Health,Health,Pre-series A,2300000.0,Pune,2020
372,TagMango,Commerce,Pre-series A,700000.0,Mumbai,2020
373,The New Shop,Commerce,Pre-series A,500000.0,New Delhi,2020
374,BHIVE Investech,Business Intelligence,Pre-series A,1000000.0,Bangalore,2020
375,Bombay Play,Manufacturing,Pre-series A,1000000.0,Bangalore,2020
376,Atomberg Technologies,Manufacturing,Series B,9000000.0,Mumbai,2020
377,DealShare,Commerce,Series C,21000000.0,Jaipur,2020
378,CueMath,Education,Series C,40000000.0,Bangalore,2020
379,5C Network,Health,Pre-series A,1200000.0,Bangalore,2020
380,Ethereum Push Notification Service,Finance,Pre-series A,750000.0,Mumbai,2020
381,Mihup,Technology,Series A,1500000.0,Kolkata,2020
382,WayCool Foods,Agriculture,Debt,7800000.0,Chennai,2020
383,Infra.Market,Real Estate,Series B,20000000.0,Thane,2020
384,Clovia,Commerce,Pre-series A,4000000.0,Noida,2020
385,Codingal,Education,Pre-series A,560000.0,Bangalore,2020
386,CRED,Finance,Series C,80000000.0,Bangalore,2020
387,SAWO Labs,Technology,Pre-series A,600000.0,Mumbai,2020
388,GetWork,Business Intelligence,Pre-series A,40000.0,Gurgaon,2020
389,Mobile Premier League (MPL),Manufacturing,Series B,500000.0,Bangalore,2020
390,NewsReach,Media & Entertainment,Pre-series A,1500000.0,Gujarat,2020
391,Cashfree,Finance,Series B,35000000.0,Bangalore,2020
392,Credgenics,Finance,Pre-series A,3000000.0,New Delhi,2020
393,GeoIQ,Technology,Pre-series A,300000.0,Bangalore,2020
394,Country Delight,Agriculture,Series C,25000000.0,Haryana,2020
395,Quintype,Business Intelligence,Series A,3500000.0,Bangalore,2020
396,CARS24,Commerce,Series E,200000000.0,Haryana,2020
397,Cityflo,Transport,Series A,7000000.0,Mumbai,2020
398,Credgenics,Finance,Pre-series A,3000000.0,Gurgaon,2020
399,Ensuredit,Finance,Pre-series A,300000.0,Gurgaon,2020
400,Shipsy,Technology,Series A,6000000.0,Gurgaon,2020
401,Yellow Classes,Education,Pre-series A,1300000.0,Gurgaon,2020
402,Country Delight,Food & Beverages,Series C,25000000.0,Haryana,2020
403,SignalX,Technology,Pre-series A,800000.0,Hyderabad,2020
404,Krimanshi,Health,Pre-series A,600000.0,Jodhpur,2020
405,Instoried,Technology,Pre-series A,1000000.0,Bangalore,2020
406,PlayerzPot,Manufacturing,Series A,3000000.0,Mumbai,2020
407,Arata,Commerce,Pre-series A,1000000.0,New Delhi,2020
408,Nepra,Technology,Series C,18000000.0,Ahmedabad,2020
409,MindTickle,Technology,Debt,100000000.0,Pune,2020
410,Slice,Finance,Debt,5000000.0,Bangalore,2020
411,Rapawalk,Commerce,Pre-series A,300000.0,Bangalore,2020
412,Clientjoy,Technology,Pre-series A,800000.0,Gujarat,2020
413,MoooFarm,Agriculture,Pre-series A,500000.0,Gurgaon,2020
414,BitClass,Technology,Pre-series A,2000000.0,Bangalore,2020
415,Gonuts,Media & Entertainment,Pre-series A,400000.0,Mumbai,2020
416,Uolo,Education,Pre-series A,2000000.0,Bangalore,2020
417,Kirana King,Commerce,Pre-series A,900000.0,Jaipur,2020
418,Jade Forest,Food & Beverages,Pre-series A,250000.0,New Delhi,2020
419,FrontRow,Education,Pre-series A,3200000.0,Bangalore,2020
420,Ather Energy,Technology,Series D,35000000.0,Bangalore,2020
421,Eggoz,Food & Beverages,Pre-series A,1500000.0,Indore,2020
422,CHARGE+ZONE,Manufacturing,Pre-series A,3000000.0,Gujarat,2020
423,Stones2milestones,Education,Bridge Round,2000000.0,Gurgaon,2020
424,Udacity,Education,Debt,75000000.0,California,2020
425,AjnaLens,Technology,Bridge Round,1000000.0,Thane,2020
426,Gully Network,Commerce,Pre-series A,1200000.0,Bangalore,2020
427,TurboHire,Business Intelligence,Pre-series A,1000000.0,Hyderabad,2020
428,Freshokartz,Agriculture,Pre-series A,1000000.0,Jaipur,2020
429,FlexiLoans,Finance,Debt,6000000.0,Mumbai,2020
430,FreshtoHome,Commerce,Series C,121000000.0,Bangalore,2020
431,Railofy,Transport,Pre-series A,5000000.0,Mumbai,2020
432,Teachmint,Education,Pre-series A,3500000.0,Bangalore,2020
433,Janani,Technology,Pre-series A,200000.0,Bangalore,2020
434,Credgenics,Finance,Pre-series A,3300000.0,Gurgaon,2020
435,Jumbotail,Commerce,Series B,11000000.0,Bangalore,2020
436,mCaffeine,Beauty & Fashion,Series B,5000000.0,Mumbai,2020
437,Pocket FM,Commerce,Series A,5000000.0,Bangalore,2020
438,Jumbotail,Commerce,Series B,11000000.0,Bangalore,2020
439,Origo,Agriculture,Debt,4000000.0,Gurgaon,2020
440,GetVantage,Finance,Pre-series A,5000000.0,Mumbai,2020
441,Betterplace,Technology,Series B,10000000.0,Bangalore,2020
442,Biddano,Health,Pre-series A,600000.0,Mumbai,2020
443,InVideo,Media & Entertainment,Series A,15000000.0,Mumbai,2020
444,Arzooo,Commerce,Series A,7500000.0,Bangalore,2020
445,Hubilo,Technology,Pre-series A,4500000.0,San Francisco,2020
446,BASIC Home Loan,Finance,Pre-series A,5000000.0,Gurgaon,2020
447,SUGAR cosmetics,Beauty & Fashion,Debt,2000000.0,Mumbai,2020
448,Tekion,Technology,Series C,150000000.0,San Ramon,2020
449,EzeRx,Education,Pre-series A,200000.0,Kolkata,2020
450,VitalTech,Technology,Pre-series A,3000000.0,Plano,2020
451,Ultraviolette Automotive,Technology,Series B,4000000.0,Bangalore,2020
452,Rare Planet,Commerce,Pre-series A,400000.0,Kolkata,2020
453,GoodGamer,Manufacturing,Pre-series A,2500000.0,Bangalore,2020
454,InnAccel,Education,Pre-series A,1500000.0,Bangalore,2020
455,HobSpace,Education,Pre-series A,200000.0,Mumbai,2020
456,Supplynote,Technology,Pre-series A,500000.0,Noida,2020
457,ShopUp,Commerce,Series A,22000000.0,Bangladesh,2020
458,Dukaan,Technology,Pre-series A,6000000.0,Mumbai,2020
459,Satyukt,Agriculture,Pre-series A,500000.0,Bangalore,2020
460,TREAD,LifeStyle,Pre-series A,1100000.0,Bangalore,2020
461,Anveshan,Food & Beverages,Pre-series A,100000.0,Bangalore,2020
462,TeaMonk,Food & Beverages,Pre-series A,900000.0,Bangalore,2020
463,Fleetx,Technology,Pre-series A,3000000.0,Gurgaon,2020
464,Avataa Me,Technology,Series A,7000000.0,Bangalore,2020
465,Clair,Finance,Pre-series A,4500000.0,New York,2020
466,Miko,Technology,Pre-series A,3000000.0,Mumbai,2020
467,Razorpay,Finance,Series D,100000000.0,Bangalore,2020
468,Wow! Momo,Food & Beverages,Debt,5000000.0,Kolkata,2020
469,Pepper Content,Commerce,Series A,4200000.0,Mumbai,2020
470,LIVSPACE,LifeStyle,Debt,4000000.0,Bangalore,2020
471,Acculi Labs,Health,Pre-series A,600000.0,Bangalore,2020
472,Unnati,Agriculture,Pre-series A,1700000.0,Noida,2020
473,Disprz,Education,Pre-series A,1600000.0,Chennai,2020
474,Uni,Finance,Pre-series A,18500000.0,Mumbai,2020
475,Credit Wise Capital,Finance,Pre-series A,6000000.0,Mumbai,2020
476,Chargebee,Technology,Series F,55000000.0,San Francisco,2020
477,Livve,Real Estate,Pre-series A,1500000.0,Kochi,2020
478,Ergos,Agriculture,Series A,5000000.0,Samastipur,2020
479,Krishitantra,Technology,Pre-series A,1000000.0,Hyderabad,2020
480,Monet Networks,Technology,Bridge Round,500000.0,Irvine,2020
481,NirogStreet,Technology,Pre-series A,2000000.0,Gurgaon,2020
482,Fanball XI,Manufacturing,Pre-series A,1000000.0,New Delhi,2020
483,GPS Renewables,Technology,Series A,3000000.0,Bangalore,2020
484,Legal Salah,Business Intelligence,Pre-series A,1000000.0,Kolkata,2020
485,Coralogix,Technology,Series B,25000000.0,San Francisco,2020
486,ShipsKart,Commerce,Pre-series A,200000.0,New Delhi,2020
487,SquadStack,Technology,Series A,5000000.0,San Francisco,2020
488,Financepeer,Education,Pre-series A,3000000.0,Mumbai,2020
489,Cashify,Commerce,Debt,10000000.0,Gurgaon,2020
490,Etrio,Manufacturing,Series A,3000000.0,Hyderabad,2020
491,StayQrious,Education,Pre-series A,2000000.0,Bangalore,2020
492,Sunstone Eduversity,Education,Series A,3000000.0,Gurgaon,2020
493,Infilect,Technology,Pre-series A,1500000.0,Bangalore,2020
494,Samunnati,Agriculture,Debt,20000000.0,Chennai,2020
495,Yummy Corp,Food & Beverages,Series B,12000000.0,Tangerang,2020
496,Smallcase,Finance,Series B,13400000.0,Bangalore,2020
497,Clairvolex,Technology,Debt,2000000.0,California,2020
498,Assiduus,Commerce,Series A,1000000.0,Bangalore,2020
499,Brinton,Health,Debt,1300000.0,California,2020
500,AFK Gaming,Media & Entertainment,Pre-series A,200000.0,Mumbai,2020
501,Infarm,Agriculture,Series C,170000000.0,Berlin,2020
502,Zuper,Technology,Pre-series A,1100000.0,Seattle,2020
503,mCaffeine,LifeStyle,Series B,2900000.0,Mumbai,2020
504,Origa,Finance,Debt,2000000.0,Andheri,2020
505,GullyBuy Software,Technology,Pre-series A,543000.0,Pune,2020
506,MPL,Media & Entertainment,Series C,90000000.0,Bangalore,2020
507,Penny,Technology,Pre-series A,1300000.0,Riyadh,2020
508,Onsitego,Hospitality,Series B,30000000.0,Mumbai,2020
509,SmartClean,Technology,Pre-series A,3400000.0,Singapore,2020
510,ClanConnect,Commerce,Pre-series A,600000.0,New Delhi,2020
511,Servify,Commerce,Series C,23000000.0,Mumbai,2020
512,ShareChat,Media & Entertainment,Pre-series A,40000000.0,Bangalore,2020
513,Rephrase.ai,Technology,Pre-series A,1500000.0,Bangalore,2020
514,Melorra,Beauty & Fashion,Debt,8090000.0,Bangalore,2020
515,FabHotels,Hospitality,Series B,1030000.0,Gurgaon,2020
516,EkAnek,Technology,Series B,5040000.0,New Delhi,2020
517,Cub McPaws,Technology,Pre-series A,800000.0,Mumbai,2020
518,Zimyo,Business Intelligence,Pre-series A,1500000.0,Gurgaon,2020
519,PumPumPum,Transport,Debt,360000.0,Gurgaon,2020
520,Moms Co,Health,Series B,8000000.0,Gurgaon,2020
521,DillyHub,Telecommunications,Pre-series A,1400000.0,Seoul,2020
522,FPL Technologies,Finance,Series A,10000000.0,Pune,2020
523,FITTR,LifeStyle,Pre-series A,2000000.0,Pune,2020
524,Illumnus,Education,Pre-series A,100000.0,Pune,2020
525,CashKaro,Commerce,Series B,10000000.0,Gurgaon,2020
526,Newton School,Education,Pre-series A,650000.0,Bangalore,2020
527,Airmeet,Technology,Series A,12000000.0,Bangalore,2020
528,Observe ai,Technology,Series B,54000000.0,San Francisco,2020
529,InCred,Finance,Debt,5000000.0,Mumbai,2020
530,Toppr,Education,Series D,35000000.0,Mumbai,2020
531,CarTrade,Commerce,Series H,42500000.0,Mumbai,2020
532,LEAD School,Technology,Series C,28000000.0,Mumbai,2020
533,Servify,Manufacturing,Series C,11370000.0,Mumbai,2020
534,Lido Learning,Education,Series B,7500000.0,Mumbai,2020
535,Apna.co,Business Intelligence,Series A,8000000.0,Bangalore,2020
536,Quintype Technologies,Technology,Series A,325000.0,Bangalore,2020
537,Dunzo,Technology,Series E,28000000.0,Bangalore,2020
538,Entropik,Technology,Series A,8000000.0,Bangalore,2020
539,Livspace,LifeStyle,Series D,9000000.0,Bangalore,2020
540,Ultraviolette Automotive,Manufacturing,Series B,410000.0,Bangalore,2020
541,WinZO,Manufacturing,Series B,18000000.0,New Delhi,2020
542,SenseHawk,Energy,Series A,5000000.0,Bangalore,2020
543,Railofy,Transport,Pre-series A,900000.0,Mumbai,2020
544,Eloelo,Commerce,Pre-series A,450000.0,Bangalore,2020
545,Aibono,Agriculture,Pre-series A,2000000.0,Bangalore,2020
546,BuildPan,Technology,Pre-series A,500000.0,Indore,2020
547,Homelane,LifeStyle,Bridge Round,8000000.0,Bangalore,2020
548,MyGlamm,Beauty & Fashion,Series B,1000000.0,Mumbai,2020
549,Aviom,Finance,Debt,682000.0,New Delhi,2020
550,Flinto,Education,Pre-series A,7000000.0,Chennai,2020
551,WayCool,Agriculture,Series C,5060000.0,Chennai,2020
552,YAP,Technology,Series A,4050000.0,Chennai,2020
553,Big Bang Boom Solutions,Technology,Series A,1050000.0,Chennai,2020
554,GUVI,Education,Series A,800000.0,Chennai,2020
555,BluSmart,Energy,Pre-series A,7000000.0,Gurgaon,2020
556,MPL,Media & Entertainment,Series B,50000000.0,Bangalore,2020
557,Spoonshot,Commerce,Series A,1000000.0,Bangalore,2020
558,Pulse,Finance,Pre-series A,750000.0,Mumbai,2020
559,Groww,Finance,Series C,30000000.0,Bangalore,2020
560,i3 Systems,Finance,Pre-series A,1050000.0,Mumbai,2020
561,SOAL,Education,Series A,1000000.0,Mumbai,2020
562,OckyPocky,Education,Pre-series A,400000.0,Gurgaon,2020
563,Hippo Video,Media & Entertainment,Series A,4000000.0,New York,2020
564,Hasura,Technology,Series B,25000000.0,San Francisco,2020
565,Qapita,Finance,Pre-series A,1080000.0,Singapore,2020
566,Sunday,Finance,Pre-series A,9000000.0,Bangkok,2020
567,Gamezop,Manufacturing,Series A,4300000.0,Gurgaon,2020
568,Phool.co,Health,Pre-series A,1400000.0,Kannur,2020
569,IDfy,Technology,Series A,2110000.0,Mumbai,2020
570,MechMocha,Media & Entertainment,Series A,292000.0,Bangalore,2020
571,Tracxn,Finance,Series B,887000.0,Bangalore,2020
572,CredoLab,Technology,Series A,7000000.0,Singapore,2020
573,Brick&Bolt,Real Estate,Series A,2200000.0,Bangalore,2020
574,Bikayi,Commerce,Pre-series A,2000000.0,Hyderabad,2020
575,TrulyMadly Matchmakers,Media & Entertainment,Pre-series A,110000.0,Gurgaon,2020
576,TrueFan,Media & Entertainment,Pre-series A,4300000.0,Mumbai,2020
577,Avail Finance,Finance,Series B,11635000.0,Bangalore,2020
578,Virohan,Education,Series A,2800000.0,Gurgaon,2020
579,LEAD School,Education,Series C,28000000.0,Mumbai,2020
580,Trell,Commerce,Series A,11000000.0,Bangalore,2020
581,Captain Fresh,Transport,Pre-series A,2300000.0,Bangalore,2020
582,Pixxel,Technology,Pre-series A,5000000.0,Bangalore,2020
583,SmarterBiz,Technology,Pre-series A,1065000.0,Bangalore,2020
584,FPL Technologies,Finance,Series A,10000000.0,Pune,2020
585,Masai School,Education,Series A,2500000.0,Bangalore,2020
586,Mitron,Media & Entertainment,Series A,5000000.0,Bangalore,2020
587,LendingKart,Finance,Series D,16076000.0,Ahmedabad,2020
588,GrayQuest,Education,Pre-series A,1000000.0,Mumbai,2020
589,BigHaat,Agriculture,Pre-series A,2000000.0,Bangalore,2020
590,CityCash,Finance,Pre-series A,1000000.0,Mumbai,2020
591,HomeLane,LifeStyle,Series D,1000000.0,Chennai,2020
592,HungerBox,Food & Beverages,Series C,6700000.0,Bangalore,2020
593,Eduvanz,Finance,Series A,5000000.0,Mumbai,2020
594,DocSumo,Technology,Pre-series A,220000.0,Mumbai,2020
595,Chingari,Media & Entertainment,Pre-series A,1300000.0,Bangalore,2020
596,Bolo Indya,Media & Entertainment,Pre-series A,300000.0,Gurgaon,2020
597,Wobot Intelligence,Technology,Pre-series A,2500000.0,New Delhi,2020
598,DrinkPrime,Manufacturing,Pre-series A,2879000.0,Bangalore,2020
599,Rebel Foods,Food & Beverages,Series E,26500000.0,Mumbai,2020
600,Hevo,Technology,Series A,8000000.0,Bangalore,2020
601,BigSpoon Foods,Food & Beverages,Pre-series A,2000000.0,Ahmedabad,2020
602,Chingari,Media & Entertainment,Pre-series A,1000000.0,Bangalore,2020
603,Toppr,Education,Series D,46761000.0,Mumbai,2020
604,Pickright Technologies,Finance,Pre-series A,175000.0,Bangalore,2020
605,Entri,Education,Pre-series A,1700000.0,Kochi,2020
606,MPowered,Technology,Pre-series A,21000000.0,Gurgaon,2020
607,Ather Energy,Technology,Series C,11241000.0,Bangalore,2020
608,Vegrow,Agriculture,Pre-series A,2500000.0,Bangalore,2020
609,StyleDotMe,Beauty & Fashion,Pre-series A,467000.0,Gurgaon,2020
610,Vedantu,Education,Series D,100000000.0,Bangalore,2020
611,Yumlane,Technology,Pre-series A,1000000.0,Mumbai,2020
612,Plum,Health,Pre-series A,927000.0,Bangalore,2020
613,IncNut Digital,Commerce,Series A,4000000.0,Hyderabad,2020
614,GigIndia,Technology,Pre-series A,971000.0,Pune,2020
615,Piggy Ride,Technology,Pre-series A,1862000.0,Bangalore,2020
616,Cuemath,Education,Series B,2888000.0,Bangalore,2020
617,Blue Sky Analytics,Technology,Pre-series A,1200000.0,Gurgaon,2020
618,Decentro,Finance,Series A,15500000.0,Bangalore,2020
619,Zolostays,LifeStyle,Series C,56000000.0,Bangalore,2020
620,Frontier Markets,Commerce,Pre-series A,2250000.0,Jaipur,2020
621,Aye Finance,Finance,Series E,16753000.0,Gurgaon,2020
622,Forbidden Foods,Food & Beverages,Pre-series A,1000000.0,New Delhi,2020
623,Gobbly,Commerce,Pre-series A,500000.0,Gurgaon,2020
624,Mitron,Media & Entertainment,Pre-series A,267000.0,Bangalore,2020
625,Inspektlabs,Technology,Pre-series A,600000.0,New Delhi,2020
626,Big Bang Boom Solutions,Government,Series A,1000000.0,Chennai,2020
627,Flinto,Education,Pre-series A,7200000.0,Chennai,2020
628,Zetwerk,Commerce,Series C,21000000.0,Bangalore,2020
629,ChitMonks,Finance,Pre-series A,650000.0,Hyderabad,2020
630,goDutch,Finance,Pre-series A,1700000.0,Mumbai,2020
631,High Street Essentials,Commerce,Pre-series A,2743000.0,New Delhi,2020
632,Slice,Finance,Pre-series A,6082000.0,Bangalore,2020
633,Bombay Play,Manufacturing,Pre-series A,1500000.0,Bangalore,2020
634,Aye Finance,Finance,Series E,27700000.0,Gurgaon,2020
635,Drishti Technologies,Technology,Series B,25000000.0,Bangalore,2020
636,Instasolv,Education,Pre-series A,2000000.0,Noida,2020
637,Jai Kisan,Finance,Pre-series A,3937000.0,Mumbai,2020
638,Edvizo,Education,Pre-series A,150000.0,Bangalore,2020
639,Servify,Technology,Series C,11370000.0,Mumbai,2020
640,Waycool,Agriculture,Series C,5500000.0,Chennai,2020
641,Ameliorate Biotech,Health,Angel Round,264000.0,Bangalore,2020
642,HealthPlix,Health,Series B,6000000.0,Bangalore,2020
643,YoloBus,Transport,Series A,3300000.0,Gurgaon,2020
644,Pocket52,Manufacturing,Series A,1750000.0,Bangalore,2020
645,Wooden Street,Commerce,Series A,3000000.0,Jaipur,2020
646,BankBazaar,Finance,Series D,5967000.0,Chennai,2020
647,Knorish,Education,Pre-series A,323000.0,New Delhi,2020
648,Cube Wealth,Technology,Series B,500000.0,Mumbai,2020
649,IVF Access,Health,Series A,5000000.0,Bangalore,2020
650,Hoi Foods,Food & Beverages,Pre-series A,2000000.0,New Delhi,2020
651,Ola Financial Services,Finance,Series A,27000000.0,Bangalore,2020
652,Toch,Technology,Pre-series A,1000000.0,Mumbai,2020
653,Euler Motors,Transport,Series A,2530000.0,New Delhi,2020
654,Khatabook,Finance,Series B,60000000.0,Bangalore,2020
655,LendingKart,Finance,Series D,11363000.0,Ahmedabad,2020
656,Eggoz,Agriculture,Pre-series A,329000.0,Bihar,2020
657,Indian School Finance Company,Finance,Pre-series A,5271000.0,Hyderabad,2020
658,Intello Labs,Commerce,Series A,5900000.0,Gurgaon,2020
659,SirionLabs,Technology,Series C,44000000.0,Gurgaon,2020
660,Refrens,Technology,Pre-series A,1000000.0,Bangalore,2020
661,Mintoak,Finance,Pre-series A,2000000.0,Mumbai,2020
662,Vernacular ai,Technology,Series A,5100000.0,Bangalore,2020
663,Varthana,Finance,Series D,15000000.0,Bangalore,2020
664,Rooter,Manufacturing,Pre-series A,1700000.0,New Delhi,2020
665,Pratilipi,Media & Entertainment,Series C,9400000.0,Bangalore,2020
666,Biryani By Kilo,Food & Beverages,Series B,790000.0,New Delhi,2020
667,Tessol,Transport,Series A,160000.0,Mumbai,2020
668,Classplus,Education,Series B,8200000.0,New Delhi,2020
669,MYSUN,Technology,Pre-series A,4257000.0,New Delhi,2020
670,NewsBytes,Media & Entertainment,Series A,1500000.0,Gurgaon,2020
671,Convosight,Business Intelligence,Pre-series A,4000000.0,Hyderabad,2020
672,Bira91,Food & Beverages,Series C,20000000.0,Bangalore,2020
673,Guvi Geek Network Pvt Ltd,Education,Pre-series A,786000.0,Chennai,2020
674,LoadShare,Transport,Series B,2004000.0,Bangalore,2020
675,Vedantu,Education,Series C,6800000.0,Bangalore,2020
676,Spintly,Technology,Pre-series A,248000.0,Goa,2020
677,Bijak,Agriculture,Series A,12000000.0,Gurgaon,2020
678,Yap,Finance,Series A,4500000.0,Chennai,2020
679,ITILITE,Hospitality,Series B,13000000.0,Bangalore,2020
680,Aavenir,Technology,Pre-series A,2000000.0,Ahmedabad,2020
681,Yellow Messenger,Technology,Series B,20000000.0,Bangalore,2020
682,Wellthy Therapeutics,Health,Pre-series A,4000000.0,Bangalore,2020
683,FarEye,Transport,Series D,24500000.0,New Delhi,2020
684,BankBazaar,Finance,Series D,3800000.0,Chennai,2020
685,Porter,Transport,Series D,18370000.0,Mumbai,2020
686,Capital Float,Finance,Series F,4800000.0,Bangalore,2020
687,Vedantu,Education,Series C,12500000.0,Bangalore,2020
688,Lido Learning,Education,Series B,7500000.0,Mumbai,2020
689,Swiggy,Food & Beverages,Series A,43000000.0,Bangalore,2020
690,JusPay,Finance,Series B,21600000.0,Bangalore,2020
691,Fingpay,Finance,Series A,3500000.0,Mumbai,2020
692,Recko,Technology,Series A,6000000.0,Bangalore,2020
693,Camp K12,Education,Pre-series A,4000000.0,Gurgaon,2020
694,MedGenome,Health,Series D,55000000.0,Bangalore,2020
695,CureFit,LifeStyle,Series D,115000000.0,Bangalore,2020
696,Design X,Technology,Pre-series A,200000.0,Noida,2020
697,Imstrong,LifeStyle,Pre-series A,400000.0,Bangalore,2020
698,QTalk,Technology,Pre-series A,1600000.0,Bangalore,2020
699,Shadez,LifeStyle,Pre-series A,100000.0,Mumbai,2020
700,Stanplus,Health,Pre-series A,1500000.0,Hyderabad,2020
701,Pitstop,Technology,Series A,2500000.0,Bangalore,2020
702,CoreStack,Technology,Series A,8500000.0,Chennai,2020
703,Vivriti Capital,Finance,Series B,50000000.0,Chennai,2020
704,Agnikul,Technology,Pre-series A,3148000.0,Chennai,2020
705,ZunRoof,Technology,Series A,3000000.0,Gurgaon,2020
706,FamPay,Finance,Pre-series A,4700000.0,Bangalore,2020
707,UnboxRobotics Labs,Manufacturing,Pre-series A,500000.0,Bangalore,2020
708,Karbon Card,Finance,Pre-series A,2000000.0,Bangalore,2020
709,Strata,Technology,Pre-series A,1500000.0,Bangalore,2020
710,Salesken,Technology,Series A,8000000.0,Bangalore,2020
711,Arya,Agriculture,Series B,6000000.0,Noida,2020
712,Tricog,Health,Series B,10500000.0,Bangalore,2020
713,Trell,Commerce,Pre-series A,4000000.0,Bangalore,2020
714,Spaciya Consultants,Real Estate,Pre-series A,500000.0,Noida,2020
715,Chqbook,Finance,Series A,5000000.0,Gurgaon,2020
716,SMEcorner,Finance,Series B,30000000.0,Mumbai,2020
717,Spinny,Commerce,Series B,43700000.0,Haryana,2020
718,Umeed Housing,Finance,Series D,23000000.0,Haryana,2020
719,Vogo,Transport,Series C,20000000.0,Bangalore,2020
720,Flick Stree,Media & Entertainment,Series A,3000000.0,Mumbai,2020
721,Josh Talks,Media & Entertainment,Pre-series A,1500000.0,Haryana,2020
722,AjnaLens,Technology,Pre-series A,1500000.0,Thane,2020
723,Pepper,Commerce,Pre-series A,306900.0,Mumbai,2020
724,iMerit,Technology,Series B,20000000.0,Kolkata,2020
725,BharatPe,Finance,Series C,75000000.0,New Delhi,2020
726,Near Store,Commerce,Pre-series A,300000.0,Mumbai,2020
727,Prayaan Capital,Finance,Pre-series A,1200000.0,Chennai,2020
728,Sanfe,Health,Pre-series A,1100000.0,New Delhi,2020
729,Go Desi,Food & Beverages,Pre-series A,627300.0,New Delhi,2020
730,Swiggy,Food & Beverages,Series A,113000000.0,Bangalore,2020
731,Whatfix,Technology,Series C,32000000.0,Bangalore,2020
732,Unacademy,Education,Series E,110000000.0,Bangalore,2020
733,Yolo,Transport,Pre-series A,600000.0,Gurgaon,2020
734,MaxWholesale,Commerce,Series A,3000000.0,New Delhi,2020
735,Simsim,Commerce,Series B,8000000.0,Bangalore,2020
736,Shuttl,Transport,Series C,7975700.0,New Delhi,2020
737,Vedantu,Education,Series C,24000000.0,Bangalore,2020
738,Clover,Agriculture,Series A,5500000.0,Bangalore,2020
739,CodingNinjas,Education,Series A,5200000.0,New Delhi,2020
740,Furlenco,Commerce,Series C,2200000.0,Bangalore,2020
741,MoEngage,Commerce,Series C,25000000.0,Bangalore,2020
742,Pepperfry,Commerce,Series F,40000000.0,Mumbai,2020
743,FirstCry,Commerce,Series E,296000000.0,Pune,2020
744,Waycool,Agriculture,Series C,32000000.0,Chennai,2020
745,Leap India,Agriculture,Series B,30000000.0,Coimbatore,2020
746,Dot Pvt. Ltd,Finance,Pre-series A,8000000.0,Gurgaon,2020
747,Kuku FM,Media & Entertainment,Series A,5500000.0,Mumbai,2020
748,SuperMoney,Finance,Pre-series A,1000000.0,Mumbai,2020
749,Entri,Education,Pre-series A,1400000.0,Kochi,2020
750,Doubtnut,Education,Series A,15000000.0,Gurgaon,2020
751,Kisan Network,Agriculture,Pre-series A,3000000.0,Gurgaon,2020
752,Vogo,Transport,Series C,35000000.0,Bangalore,2020
754,WizKlub,Education,Pre-series A,982530.0,Bangalore,2020
755,Interviewbit,Education,Series A,200000000.0,Pune,2020
756,INdwealth,Finance,Series C,12000000.0,Gurgaon,2020
757,Bizongo,Commerce,Series C,30000000.0,Mumbai,2020
758,AppsFlyer,Technology,Series D,210000000.0,Bangalore,2020
759,Livspace,LifeStyle,Series D,60000000.0,Bangalore,2020
760,Samosa Singh,Food & Beverages,Series A,2700000.0,Bangalore,2020
761,Crysta,Health,Pre-series A,1403400.0,New Delhi,2020
762,Eupheus Learning,Education,Series A,4300000.0,New Delhi,2020
763,Bounce,Transport,Series D,105000000.0,Bangalore,2020
764,Goodmylk,Agriculture,Pre-series A,400000.0,Bangalore,2020
765,Zoomcar,Transport,Series D,30000000.0,Bangalore,2020
766,Mera Cashier,Finance,Pre-series A,250000.0,Noida,2020
767,Monech,Finance,Pre-series A,12700.0,Mumbai,2020
768,Extra Edge,Education,Pre-series A,700000.0,Pune,2020
769,Karfa,Commerce,Pre-series A,25000.0,New Delhi,2020
770,Bounce,Transport,Series D,97500000.0,Bangalore,2020
771,Zinier,Manufacturing,Series C,90000000.0,Bangalore,2020
772,ProEves,Health,Pre-series A,507000.0,New Delhi,2020
773,Ninjacart,Commerce,Series C,10000000.0,Bangalore,2020
774,Wysh,Commerce,Series A,2000000.0,Hyderabad,2020
775,Keito,Technology,Pre-series A,160000.0,Pune,2020
776,Axio Biosolutions,Education,Series B,5200000.0,Bangalore,2020
777,HighRadius,Technology,Series B,125000000.0,Hyderabad,2020
778,Rivigo,Transport,Series F,3400000.0,Gurgaon,2020
779,Super Surfaces,LifeStyle,Series A,500000.0,Hyderabad,2020
780,GoMechanic,Technology,Series B,14700000.0,New Delhi,2020
781,Fashor,Beauty & Fashion,Pre-series A,1000000.0,Chennai,2020
782,Shuttl,Transport,Series C,8043000.0,New Delhi,2020
783,Pando,Technology,Series A,9000000.0,Chennai,2020
784,Unbox Robotics,Technology,Pre-series A,1200000.0,Bangalore,2021
785,Lead School,Education,Series D,30000000.0,Mumbai,2021
786,Bizongo,Commerce,Series C,51000000.0,Mumbai,2021
787,FypMoney,Finance,Pre-series A,2000000.0,Gurgaon,2021
788,Fitterfly,Health,Pre-series A,3000000.0,Mumbai,2021
789,MyDentalPlan,Health,Pre-series A,700000.0,Bangalore,2021
790,ORAI,Technology,Pre-series A,400000.0,Bangalore,2021
791,ixamBee,Education,Pre-series A,300000.0,New Delhi,2021
792,CoinSwitch Kuber,Finance,Series B,25000000.0,Bangalore,2021
793,Razorpay,Finance,Series E,160000000.0,Bangalore,2021
794,ZFW Hospitality,Food & Beverages,Pre-series A,150000.0,New Delhi,2021
795,Optimized Electrotech,Transport,Pre-series A,1800000.0,Ahmedabad,2021
796,Chara,Technology,Pre-series A,850000.0,Bangalore,2021
797,Sirona Hygiene,Health,Series A,3000000.0,New Delhi,2021
798,Pristyn Care,Health,Series D,53000000.0,Gurgaon,2021
799,TrulyMadly,Media & Entertainment,Pre-series A,2000000.0,New Delhi,2021
800,Jambox Games,Manufacturing,Pre-series A,1100000.0,Bangalore,2021
801,SuperK,Commerce,Pre-series A,800000.0,Andhra Pradesh,2021
802,TagZ Foods,Food & Beverages,Pre-series A,500000.0,Bangalore,2021
803,Puresh Daily,Agriculture,Pre-series A,100000.0,Ranchi,2021
804,LimeChat,Technology,Pre-series A,7500000.0,Faridabad,2021
805,Dybo,Technology,Pre-series A,100000.0,Bangalore,2021
806,moEVing,Transport,Pre-series A,1000000.0,Gurgaon,2021
807,Solethreads,Beauty & Fashion,Series A,1000000.0,Gurgaon,2021
808,CredFlow,Finance,Pre-series A,2000000.0,New Delhi,2021
809,PlayShifu,Education,Series B,17000000.0,Bangalore,2021
810,Pitstop,Transport,Pre-series A,3500000.0,Bangalore,2021
811,Lendingkart,Finance,Debt,15000000.0,Gujarat,2021
812,CRED,Finance,Series D,215000000.0,Bangalore,2021
813,Karnival,Technology,Pre-series A,2500000.0,Bangalore,2021
814,PharmEasy,Health,Series E,350000000.0,Mumbai,2021
815,WESS,Energy,Pre-series A,2000000.0,Mumbai,2021
816,Groww,Finance,Series D,83000000.0,Bangalore,2021
817,Avanti Finance,Finance,Series A,26000000.0,Bangalore,2021
818,Superpro.ai,Media & Entertainment,Pre-series A,3000000.0,Bangalore,2021
819,WiT-ACE,Business Intelligence,Pre-series A,1000000.0,Gurgaon,2021
820,Spinny,Commerce,Series C,65000000.0,Gurgaon,2021
822,PumPumPum,Real Estate,Pre-series A,700000.0,Gurgaon,2021
823,Eunimart,Commerce,Pre-series A,700000.0,Hyderabad,2021
824,Uable,Education,Pre-series A,35000000.0,Bangalore,2021
825,Zoko,Technology,Pre-series A,140000000.0,Bangalore,2021
826,GetWork,Business Intelligence,Pre-series A,200000.0,Gurgaon,2021
827,Easebuzz,Commerce,Series A,4000000.0,Pune,2021
828,DusMinute,Commerce,Pre-series A,1100000.0,Bangalore,2021
829,TartanSense,Technology,Series A,5000000.0,Bangalore,2021
830,Kirana247,Transport,Pre-series A,1000000.0,New Delhi,2021
831,IsGoingOnline,Commerce,Pre-series A,200000.0,Kochi,2021
832,Camp K12,Education,Series A,12000000.0,Gurgaon,2021
833,Elda Health,Health,Pre-series A,1500000.0,Bangalore,2021
834,Sporjo,Sports,Pre-series A,2000000.0,Mumbai,2021
835,SuperGaming,Manufacturing,Series A,5500000.0,Pune,2021
836,Zetwerk,Manufacturing,Series E,150000000.0,Bangalore,2021
837,AppsForBharat,LifeStyle,Pre-series A,4000000.0,Bangalore,2021
838,Khatabook,Finance,Series C,100000000.0,Bangalore,2021
839,Smytten,Commerce,Series A,6000000.0,Gurgaon,2021
840,Syook,Manufacturing,Series A,1000000.0,Bangalore,2021
841,NOTO,Commerce,Pre-series A,500000.0,Mumbai,2021
842,Lumiq,Technology,Pre-series A,2000000.0,Noida,2021
843,Breathe Well-being,Health,Series A,5500000.0,Gurgaon,2021
844,Probus,Technology,Bridge Round,500000.0,New Delhi,2021
845,Smart Express,Transport,Pre-series A,10000000.0,Mumbai,2021
846,Smallcase,Finance,Series C,40000000.0,Bangalore,2021
847,Postman,Technology,Series D,225000000.0,Bangalore,2021
848,Hashnode,Technology,Series A,6700000.0,Bangalore,2021
849,RACEnergy,Transport,Pre-series A,1300000.0,Hyderabad,2021
850,BharatPe,Finance,Debt,20000000.0,New Delhi,2021
851,Gyde,Technology,Pre-series A,250000.0,Pune,2021
852,AgNext,Agriculture,Series A,21000000.0,Chandigarh,2021
853,Xpresslane,Technology,Pre-series A,400000.0,Bangalore,2021
854,LoanKuber,Finance,Pre-series A,1200000.0,New Delhi,2021
855,OYO,Hospitality,Series F,5000000.0,Gurgaon,2021
856,Log 9 Materials,Technology,Series A,8500000.0,Bangalore,2021
857,FlashPrep,Education,Pre-series A,500000.0,Bangalore,2021
858,Kenko Health,Technology,Pre-series A,1700000.0,Mumbai,2021
859,Wiz Freight,Transport,Pre-series A,3500000.0,Chennai,2021
860,Credgenics,Finance,Series A,25000000.0,New Delhi,2021
861,BlueLearn,Education,Pre-series A,400000.0,Goa,2021
862,NimbleBox.ai,Technology,Pre-series A,1000000.0,Chennai,2021
863,Pickrr,Transport,Series B,12000000.0,Gurgaon,2021
864,Grip Invest,Finance,Series A,3000000.0,Gurgaon,2021
865,Heads Up For Tails,Health,Series A,37000000.0,New Delhi,2021
866,Blue Tokai Coffee Roasters,Food & Beverages,Pre-series A,2000000.0,New Delhi,2021
867,Neeman,Commerce,Series A,2000000.0,Hyderabad,2021
868,BharatPe,Finance,Series E,370000000.0,New Delhi,2021
869,GoSats,Finance,Pre-series A,700000.0,Bangalore,2021
870,StockGro,Finance,Pre-series A,5000000.0,Bangalore,2021
871,Onsurity,Health,Series A,16000000.0,Bangalore,2021
872,Khabri,Media & Entertainment,Pre-series A,2000000.0,Gurgaon,2021
873,Rocket Skills,Education,Pre-series A,200000.0,Gurgaon,2021
874,RenewBuy,Finance,Series C,10000000.0,Gurgaon,2021
875,Faarms,Agriculture,Pre-series A,2000000.0,Bangalore,2021
876,Jupiter,Finance,Series B,44000000.0,Mumbai,2021
877,Pixuate,Technology,Pre-series A,1000000.0,Bangalore,2021
878,Playo,Sports,Pre-series A,500000.0,Bangalore,2021
879,Toothsi,Health,Series B,20000000.0,Mumbai,2021
880,Soothe Healthcare,Commerce,Series C,10000000.0,New Delhi,2021
881,Goodmeetings,Technology,Series A,1700000.0,Bangalore,2021
882,Apnaklub,Commerce,Pre-series A,3500000.0,Bangalore,2021
883,ChefKart,Commerce,Pre-series A,300000.0,Gurgaon,2021
884,Fashinza,Beauty & Fashion,Series A,20000000.0,Gurgaon,2021
885,QuickShift,Transport,Pre-series A,770000.0,Pune,2021
886,infra.market,Real Estate,Series D,125000000.0,Thane,2021
887,CollegeDekho,Education,Series B,35000000.0,Gurgaon,2021
888,Simpl,Commerce,Series B,40000000.0,Bangalore,2021
889,PayGlocal,Finance,Series A,4900000.0,Bangalore,2021
890,Pocket FM,Media & Entertainment,Series B,22000000.0,Bangalore,2021
891,PlanetSpark,Business Intelligence,Series B,13000000.0,Gurgaon,2021
892,LenDenClub,Finance,Series A,10000000.0,Mumbai,2021
893,CometChat,Technology,Series A,10000000.0,Mumbai,2021
894,AgroStar,Agriculture,Series D,70000000.0,Pune,2021
895,Bizongo,Technology,Series D,100000000.0,Mumbai,2021
896,MoEngage,Technology,Series D,30000000.0,Bangalore,2021
897,CloudSEK,Business Intelligence,Series A,7000000.0,Bangalore,2021
898,Exponent Energy,Transport,Pre-series A,5000000.0,Bangalore,2021
899,Trinkerr,Commerce,Series A,6600000.0,Bangalore,2021
900,Zorro,Business Intelligence,Pre-series A,32000000.0,Gurgaon,2021
901,Ultraviolette,Transport,Series C,150000000.0,Bangalore,2021
902,NephroPlus,Hospitality,Series E,24000000.0,Hyderabad,2021
903,Unremot,Technology,Pre-series A,700000.0,Bangalore,2021
904,Spry,Media & Entertainment,Pre-series A,1500000.0,Mumbai,2021
905,Enmovil,Technology,Pre-series A,1300000.0,Hyderabad,2021
906,ASQI Advisors,Finance,Pre-series A,1000000.0,Mumbai,2021
907,Insurance Samadhan,Finance,Pre-series A,725000.0,New Delhi,2021
908,MasterChow,Real Estate,Pre-series A,461000.0,Food & Beverages,2021
909,Fullife Healthcare,Commerce,Series C,22000000.0,Hauz Khas,2021
910,MoEVing,Transport,Pre-series A,5000000.0,Gurgaon,2021
911,Pristyn Care,Hospitality,Series E,96000000.0,Gurgaon,2021
912,Plix,LifeStyle,Series A,5000000.0,Mumbai,2021
913,Uni Cards,Finance,Series A,70000000.0,Bangalore,2021
914,Nestasia,Commerce,Series A,4000000.0,Kolkata,2021
915,Vedic Cosmeceuticals,Beauty & Fashion,Series A,32000000.0,Noida,2021
916,Juspay,Finance,Series C,60000000.0,Bangalore,2021
917,TranZact,Technology,Series A,7000000.0,Mumbai,2021
918,Mohalla Tech,Media & Entertainment,Series G,266000000.0,Bangalore,2021
919,Stack,Finance,Pre-series A,4500000.0,Bangalore,2021
920,WeSkill,Education,Pre-series A,4000000.0,Gurgaon,2021
921,ByteLearn,Education,Pre-series A,9500000.0,Noida,2021
922,Dista,Technology,Pre-series A,1200000.0,Pune,2021
923,Bizongo,Commerce,Series D,100000000.0,Mumbai,2021
924,FRND,Media & Entertainment,Series A,6500000.0,Bangalore,2021
925,Metadome,Technology,Pre-series A,4000000.0,Bangalore,2021
926,Yodacart,Commerce,Pre-series A,225000.0,Thane,2021
927,Jumbotail,Commerce,Series C,85000000.0,Bangalore,2021
928,Captain Fresh,Transport,Series B,40000000.0,Bangalore,2021
929,Kohbee,Education,Pre-series A,235000.0,Bangalore,2021
930,Perfora,Commerce,Pre-series A,260000.0,Gurgaon,2021
931,Unbox Robotics,Transport,Series A,7000000.0,Pune,2021
932,Ninety One,Commerce,Series A,30000000.0,Ahmedabad,2021
933,Gobillion,Commerce,Pre-series A,2900000.0,New Delhi,2021
934,RIPPLR,Transport,Pre-series A,12000000.0,Bangalore,2021
935,SK Finance,Finance,Series F,53000000.0,Jaipur,2021
936,Eggoz,Food & Beverages,Series A,3500000.0,Gurgaon,2021
937,Fabriclore,Beauty & Fashion,Pre-series A,700000.0,Jaipur,2021
938,Verandah,Beauty & Fashion,Pre-series A,1000000.0,Mumbai,2021
939,OWO Technologies,Food & Beverages,Pre-series A,3000000.0,Gurgaon,2021
940,EsportsXO,Sports,Pre-series A,1100000.0,Bangalore,2021
941,Neobank Jupiter,Finance,Series C,86000000.0,Mumbai,2021
942,Glii,Media & Entertainment,Pre-series A,10000.0,Noida,2021
943,GlobalBees,Commerce,Series B,111000000.0,New Delhi,2021
944,SecureNow,Finance,Series B,6000000.0,Gurgaon,2021
945,Doubtnut,Education,Series B,30000000.0,Gurgaon,2021
946,Infra.Market,Real Estate,Series C,100000000.0,Thane,2021
947,Kutuki,Education,Pre-series A,2000000.0,Bangalore,2021
948,Eupheus,Education,Series B,4000000.0,New Delhi,2021
949,KreditBee,Finance,Series C,75000000.0,Bangalore,2021
950,Pencil,Media & Entertainment,Pre-series A,1000000.0,Mumbai,2021
951,UptimeAI,Technology,Pre-series A,1500000.0,Bangalore,2021
952,WizKlub,Education,Pre-series A,800000.0,Bangalore,2021
953,Zolve,Finance,Pre-series A,15000000.0,Bangalore,2021
954,MediBuddy,Education,Debt,3000000.0,Bangalore,2021
955,Pariksha,Education,Pre-series A,2000000.0,Pune,2021
956,Express Stores,Commerce,Pre-series A,1000000.0,Gurgaon,2021
957,Phable,Health,Series A,12000000.0,Bangalore,2021
958,Supply6,Health,Pre-series A,100000.0,Bangalore,2021
959,Swajal,Government,Pre-series A,1600000.0,Gurgaon,2021
960,BharatPe,Finance,Series D,100000000.0,New Delhi,2021
961,Filo,Education,Pre-series A,260000.0,New Delhi,2021
962,Method & Madness,Real Estate,Pre-series A,2000000.0,Mumbai,2021
963,EduFund,Finance,Pre-series A,300000.0,Gujarat,2021
964,Pepperfry,Commerce,Debt,30000000.0,Mumbai,2021
965,VerSe Innovation,Business Intelligence,Series H,1000000000.0,Bangalore,2021
966,Supersourcing,Technology,Pre-series A,200000.0,Indore,2021
967,AutomataPi,Manufacturing,Pre-series A,400000.0,Powai,2021
968,Newton School,Education,Series A,5000000.0,Bangalore,2021
969,Siply,Finance,Pre-series A,1000000.0,Bangalore,2021
970,SarvaGram,Finance,Series B,10000000.0,Mumbai,2021
971,Unlu,Media & Entertainment,Pre-series A,1000000.0,Gurgaon,2021
972,GlobalFair,Finance,Pre-series A,2000000.0,Gurgaon,2021
973,Eduvanz,Finance,Debt,10000000.0,Mumbai,2021
974,Progcap,Finance,Debt,1000000.0,New Delhi,2021
975,ABL Workspaces,Hospitality,Pre-series A,600000.0,New Delhi,2021
976,SplashLearn,Education,Series C,18000000.0,Gurgaon,2021
977,Maya,Health,Pre-series A,2200000.0,Bangalore,2021
978,MediBuddy,Health,Series B,40000000.0,Bangalore,2021
979,Zetwerk,Commerce,Series D,120000000.0,Bangalore,2021
980,YourPhysio,Health,Pre-series A,350000.0,Nagpur,2021
981,Aviom Housing Finance,Finance,Debt,1000000.0,New Delhi,2021
982,Hemp Horizons,Health,Pre-series A,200000.0,Noida,2021
983,Koo,Media & Entertainment,Series A,4100000.0,Bangalore,2021
984,InnerHour,Health,Series A,5200000.0,Mumbai,2021
985,Origo,Agriculture,Debt,10000000.0,Gurgaon,2021
986,Elucidata,Health,Pre-series A,5000000.0,New Delhi,2021
987,Saveo,Health,Pre-series A,4000000.0,Bangalore,2021
988,DotPe,Finance,Pre-series A,8000000.0,Gurgaon,2021
989,SeeVC,Technology,Pre-series A,1000000.0,New Delhi,2021
990,VenWiz,Commerce,Pre-series A,300000.0,Bangalore,2021
991,Headfone,Media & Entertainment,Pre-series A,3000000.0,Bangalore,2021
992,GrowFix,Finance,Pre-series A,2000000.0,Bangalore,2021
993,Dunzo,Transport,Series E,40000000.0,Bangalore,2021
994,BeyondSkool,Education,Pre-series A,2000000.0,Mumbai,2021
995,Mindler,Education,Pre-series A,1000000.0,New Delhi,2021
996,Fashinza,Commerce,Pre-series A,2600000.0,Gurgaon,2021
997,BharatPe,Finance,Debt,6000000.0,New Delhi,2021
998,Turnip,Manufacturing,Pre-series A,1600000.0,Bangalore,2021
999,Inficold,Energy,Pre-series A,900000.0,New Delhi,2021
1000,KIWI,Technology,Pre-series A,250000.0,New Delhi,2021
1001,BharatPe,Finance,Debt,10000000.0,New Delhi,2021
1002,Udayy,Education,Pre-series A,2500000.0,Gurgaon,2021
1003,DeHaat,Agriculture,Series C,30000000.0,Patna,2021
1004,Samunnati,Agriculture,Debt,10000000.0,Chennai,2021
1005,Biconomy,Finance,Pre-series A,1500000.0,New Delhi,2021
1007,Nao Spirits & Beverages Pvt Ltd,Food & Beverages,Series A,2000000.0,New Delhi,2021
1008,PurpleTutor,Education,Pre-series A,300000.0,Mumbai,2021
1009,Karkhana.io,Manufacturing,Pre-series A,1500000.0,Mumbai,2021
1010,CoinSwitch Kuber,Finance,Series A,15000000.0,Bangalore,2021
1011,Infra.Market,Commerce,Debt,6000000.0,Thane,2021
1012,ReadyAssist,Transport,Pre-series A,1000000.0,Bangalore,2021
1013,Ergos,Agriculture,Series A,3000000.0,Samastipur,2021
1014,Toothsi,Health,Series A,5000000.0,Mumbai,2021
1015,Jumbotail,Food & Beverages,Series B,14300000.0,Bangalore,2021
1016,Phi Commerce,Finance,Series A,4000000.0,Pune,2021
1017,Finsall,Technology,Pre-series A,300000.0,Bangalore,2021
1018,Practically,Education,Pre-series A,4000000.0,Telangana,2021
1019,Cred,Finance,Series C,81000000.0,Bangalore,2021
1020,Zerone,Finance,Pre-series A,1300000.0,Gurgaon,2021
1021,boAt,Beauty & Fashion,Series C,100000000.0,Mumbai,2021
1022,Kyt,Education,Series A,5000000.0,Bangalore,2021
1023,BharatPe,Finance,Debt,8200000.0,New Delhi,2021
1024,CropIn,Agriculture,Series C,20000000.0,Bangalore,2021
1025,Vanity Wagon,Beauty & Fashion,Pre-series A,200000.0,Haryana,2021
1026,Oyo,Hospitality,Series F,7000000.0,Gurgaon,2021
1027,HobSpace,Education,Pre-series A,100000.0,Mumbai,2021
1028,KiranaKart,Commerce,Pre-series A,720000.0,Mumbai,2021
1029,Meddo,Health,Pre-series A,3000000.0,Gurgaon,2021
1030,SP Robotic Works,Education,Series A,3000000.0,Chennai,2021
1031,3SC,Transport,Series B,15000000.0,Gurgaon,2021
1032,Minimalist,Beauty & Fashion,Series A,10000000.0,Jaipur,2021
1033,Fixcraft,Transport,Pre-series A,1000000.0,Gurgaon,2021
1034,90+ My Tuition App,Education,Series A,5000000.0,Bangalore,2021
1035,Wasabi,Business Intelligence,Pre-series A,1800000.0,Bangalore,2021
1036,Strata,Real Estate,Series A,6000000.0,Bangalore,2021
1037,Ourbetterplanet,Commerce,Pre-series A,300000.0,Bangalore,2021
1038,Murf.ai,Technology,Pre-series A,1500000.0,Bangalore,2021
1039,MYFITNESS,LifeStyle,Pre-series A,1000000.0,Silvassa,2021
1040,I am Love,Health,Pre-series A,4000000.0,Mumbai,2021
1041,Eloelo,Manufacturing,Pre-series A,2000000.0,Bangalore,2021
1042,Edukemy,Education,Pre-series A,2000000.0,Noida,2021
1043,Zingbus,Transport,Pre-series A,5000000.0,Gurgaon,2021
1044,NewsReach,Media & Entertainment,Pre-series A,300000.0,Ahmedabad,2021
1045,Pencilton,Finance,Pre-series A,330000.0,Hyderabad,2021
1046,The Whole Truth,Food & Beverages,Series A,6000000.0,Mumbai,2021
1047,Insane AI,LifeStyle,Pre-series A,800000.0,Bangalore,2021
1048,Go Swift,Commerce,Pre-series A,2000000.0,Bangalore,2021
1049,G.O.A.T,Commerce,Series A,36000000.0,Bangalore,2021
1050,ReDesyn,Commerce,Pre-series A,300000.0,Mumbai,2021
1051,Knorish,Education,Pre-series A,1000000.0,Gurgaon,2021
1052,Dozee,Health,Series A,5000000.0,Bangalore,2021
1053,BlackBuck,Transport,Series E,67000000.0,Bangalore,2021
1054,Mailmodo,Business Intelligence,Pre-series A,2000000.0,Bangalore,2021
1055,NirogStreet,Health,Series A,2500000.0,New Delhi,2021
1056,Even,Health,Pre-series A,5000000.0,Bangalore,2021
1057,Captain Fresh,Transport,Series A,12000000.0,Bangalore,2021
1058,Otipy,Food & Beverages,Series A,10200000.0,Gurgaon,2021
1059,Edvizo,Commerce,Pre-series A,1000000.0,Bangalore,2021
1060,GlobalBees,Commerce,Series A,150000000.0,New Delhi,2021
1061,Spinny,Transport,Series D,108000000.0,Gurgaon,2021
1062,Mynvax,Health,Series A,4000000.0,Bangalore,2021
1063,Uvi Health,Health,Pre-series A,330000.0,Bangalore,2021
1064,HealthifyMe,Health,Series C,75000000.0,Bangalore,2021
1065,Sea6 Energy,Health,Series B,9000000.0,Bangalore,2021
1066,Beco,Commerce,Pre-series A,500000.0,Mumbai,2021
1067,MedPay,Technology,Pre-series A,1200000.0,Bangalore,2021
1068,Digantara,Technology,Pre-series A,2500000.0,Bangalore,2021
1069,Aqgromalin,Agriculture,Pre-series A,700000.0,Chennai,2021
1070,Ola Electric,Transport,Debt,100000000.0,Bangalore,2021
1071,Trell,Commerce,Series B,45000000.0,Bangalore,2021
1072,EasyAspataal,Health,Pre-series A,500000.0,Mumbai,2021
1073,Arcana,Technology,Pre-series A,370000.0,Bangalore,2021
1074,AdmitKard,Education,Pre-series A,1000000.0,Noida,2021
1075,Aquaconnect,Agriculture,Pre-series A,4000000.0,Chennai,2021
1076,LetsDressUp,Beauty & Fashion,Pre-series A,300000.0,Gurgaon,2021
1077,Ati Motors,Transport,Pre-series A,35000000.0,Bangalore,2021
1078,peAR,Technology,Pre-series A,300000.0,Mumbai,2021
1079,The Sleep Company,Commerce,Pre-series A,1000000.0,Mumbai,2021
1080,ION Energy,Transport,Pre-series A,3600000.0,Mumbai,2021
1081,FRAAZO,Food & Beverages,Series A,11000000.0,Mumbai,2021
1082,Licious,Food & Beverages,Series F,192000000.0,Bangalore,2021
1083,WinZO,Manufacturing,Series C,65000000.0,New Delhi,2021
1084,Skylark Drones,Transport,Pre-series A,3000000.0,Bangalore,2021
1085,MyMobiForce,Technology,Pre-series A,1400000.0,Noida,2021
1086,Neverinstall,Technology,Pre-series A,370000.0,Bangalore,2021
1087,BeatO,Health,Pre-series A,5000000.0,New Delhi,2021
1088,Earth Rhythm,Beauty & Fashion,Pre-series A,1200000.0,Gurgaon,2021
1089,Fountain9,Technology,Pre-series A,1900000.0,Mumbai,2021
1090,Shiprocket,Transport,Series D,41000000.0,New Delhi,2021
1091,Teachmint,Education,Pre-series A,20000000.0,Bangalore,2021
1092,Vahak,Transport,Pre-series A,5000000.0,Bangalore,2021
1093,goSTOPS,Hospitality,Pre-series A,1000000.0,New Delhi,2021
1094,Delhivery,Transport,Series H,270000000.0,Gurgaon,2021
1095,Avishkaar,Education,Pre-series A,600000.0,New Delhi,2021
1096,Jobsgaar,Business Intelligence,Pre-series A,140000.0,New Delhi,2021
1097,Breathe Well-being,Health,Pre-series A,1000000.0,New Delhi,2021
1098,Urban Company,LifeStyle,Series F,250000000.0,New Delhi,2021
1099,MYBYK,Real Estate,Pre-series A,1000000.0,Ahmedabad,2021
1100,Locus,Transport,Series C,50000000.0,Bangalore,2021
1101,Crejo.Fun,Education,Pre-series A,3000000.0,Bangalore,2021
1102,Bambinos,Education,Pre-series A,500000.0,Bangalore,2021
1103,Spardha,Education,Pre-series A,400000.0,Pune,2021
1104,Fyllo,Agriculture,Pre-series A,400000.0,Bangalore,2021
1105,Swiflearn,Education,Pre-series A,3000000.0,Gurgaon,2021
1106,QuickSell,Commerce,Pre-series A,2000000.0,Mumbai,2021
1107,Truemeds,Health,Series A,5000000.0,Mumbai,2021
1108,F5,Food & Beverages,Pre-series A,300000.0,New Delhi,2021
1109,IntelleWings,Technology,Pre-series A,100000.0,Panchkula,2021
1110,Refyne,Finance,Series A,20000000.0,Bangalore,2021
1111,Greenjoules,Energy,Series A,4500000.0,Pune,2021
1112,MentorKart,Business Intelligence,Pre-series A,150000.0,New Delhi,2021
1113,Leverage Edu,Education,Debt,2000000.0,New Delhi,2021
1114,Kale Logistics,Transport,Series A,5000000.0,Thane,2021
1115,Pee Safe,Health,Pre-series A,3000000.0,Gurgaon,2021
1116,SimpliContract,Technology,Pre-series A,1800000.0,Bangalore,2021
1117,Dropshop,Transport,Pre-series A,1000000.0,Bangalore,2021
1118,Jumbotail,Commerce,Debt,4000000.0,Bangalore,2021
1119,Convosight,Technology,Series A,9000000.0,New Delhi,2021
1120,Junio,Finance,Pre-series A,600000.0,New Delhi,2021
1121,Flexmoney,Finance,Series A,4800000.0,Mumbai,2021
1122,Fampay,Finance,Series A,38000000.0,Bangalore,2021
1123,Apna,Business Intelligence,Series B,70000000.0,Bangalore,2021
1124,XYXX Apparels,Beauty & Fashion,Series A,4000000.0,Surat,2021
1125,BrowserStack,Technology,Series B,200000000.0,Mumbai,2021
1126,Vital,Technology,Pre-series A,3000000.0,New Delhi,2021
1127,Imagimake,Business Intelligence,Pre-series A,500000.0,Mumbai,2021
1128,MSMEx,Education,Pre-series A,1000000.0,Andheri,2021
1129,RenewBuy,Technology,Series C,45000000.0,Gurgaon,2021
1130,Kutumb,Government,Series A,26000000.0,Bangalore,2021
1131,Superplum,Agriculture,Pre-series A,3800000.0,Noida,2021
1132,Upside AI,Finance,Pre-series A,1200000.0,Mumbai,2021
1133,Skillmatics,Education,Series A,6000000.0,Mumbai,2021
1134,Bimaplan,Technology,Pre-series A,2500000.0,Bangalore,2021
1135,Bueno Finance,Finance,Pre-series A,3000000.0,Gurgaon,2021
1136,CityMall,Commerce,Series B,22000000.0,Gurgaon,2021
1137,Anvidha Technologies,Technology,Pre-series A,1500000.0,Haryana,2021
1138,CoffeeMug.ai,Business Intelligence,Pre-series A,620000.0,New Delhi,2021
1139,Kazam,Manufacturing,Pre-series A,900000.0,Bangalore,2021
1140,BimaPe,Finance,Pre-series A,500000.0,Mumbai,2021
1141,Synapsica,Health,Series A,4000000.0,New Delhi,2021
1142,GoMechanic,Transport,Series C,42000000.0,Gurgaon,2021
1143,Classplus,Education,Series C,65000000.0,Noida,2021
1144,WINDO,Commerce,Pre-series A,500000.0,Hyderabad,2021
1145,GoBolt,Transport,Series B,20000000.0,Gurgaon,2021
1146,Loco,Manufacturing,Pre-series A,9000000.0,Bangalore,2021
1147,Auric,Health,Pre-series A,2000000.0,New Delhi,2021
1148,Airblack,Technology,Series A,5200000.0,Gurgaon,2021
1149,Nestroots,Beauty & Fashion,Pre-series A,100000.0,Gurgaon,2021
1150,TABLT,Health,Series A,3000000.0,Kolkata,2021
1151,Hesa,Technology,Pre-series A,2000000.0,Hyderabad,2021
1152,Treebo Hotels,Hospitality,Series D,16000000.0,Bangalore,2021
1153,Supertails,Health,Pre-series A,2600000.0,Bangalore,2021
1154,SkilloVilla,Education,Pre-series A,300000.0,Bangalore,2021
1155,Cancer Clinics,Health,Pre-series A,1500000.0,Telangana,2021
1156,Velocity,Finance,Pre-series A,1300000.0,Bangalore,2021
1157,Happy Jars,Food & Beverages,Pre-series A,400000.0,New Delhi,2021
1158,ExtraaEdge,Technology,Pre-series A,1000000.0,Pune,2021
1159,Zotalabs,Technology,Pre-series A,1250000.0,Pune,2021
1160,Voiro,Business Intelligence,Pre-series A,1800000.0,Bangalore,2021
1161,Rupifi,Finance,Pre-series A,4100000.0,Bangalore,2021
1162,Moneyboxx,Finance,Debt,3000000.0,Mumbai,2021
1163,CityMall,Commerce,Series A,11000000.0,Gurgaon,2021
1164,Janani,Health,Pre-series A,1000000.0,Bangalore,2021
1165,ReshaMandi,Agriculture,Pre-series A,1700000.0,Bangalore,2021
1166,DotPe,Finance,Series A,27000000.0,Gurgaon,2021
1167,BYJU'S,Education,Series F,460000000.0,Bangalore,2021
1168,HealthPlix,Health,Series B,13500000.0,Bangalore,2021
1169,Masai School,Education,Series A,5000000.0,Bangalore,2021
1170,Stelis Biopharma,Health,Series B,195000000.0,Bangalore,2021
1171,NeoDove,Technology,Pre-series A,15000000.0,Jaipur,2021
1172,KreditBee,Finance,Pre-series A,75000000.0,Bangalore,2021
1173,True Balance,Finance,Debt,10000000.0,Gurgaon,2021
1174,Muvin,Finance,Pre-series A,1000000.0,Bangalore,2021
1175,FloBiz,Technology,Series A,10000000.0,Bangalore,2021
1176,Jeevam Health,Health,Pre-series A,1500000.0,New Delhi,2021
1177,OZiva,Health,Series B,12000000.0,Mumbai,2021
1178,Blive,Hospitality,Pre-series A,1000000.0,Panaji,2021
1179,Euler Motors,Transport,Series A,2600000.0,New Delhi,2021
1180,Pixxel,Technology,Pre-series A,7300000.0,Bangalore,2021
1181,Prescinto,Energy,Pre-series A,3500000.0,Gujarat,2021
1182,MyGlamm,Beauty & Fashion,Series C,20000000.0,Mumbai,2021
1183,Chirrup,Manufacturing,Pre-series A,300000.0,Bangalore,2021
1184,Juicy Chemistry,Health,Series A,6300000.0,Coimbatore,2021
1185,Indifi,Finance,Debt,5000000.0,Gurgaon,2021
1186,Say Cheese,Technology,Pre-series A,1000000.0,Mumbai,2021
1187,Bimaplan,Finance,Pre-series A,500000.0,Mumbai,2021
1188,YAP,Finance,Series B,10000000.0,Chennai,2021
1189,Leap Finance,Finance,Series B,17000000.0,Bangalore,2021
1190,4baseCare,Health,Pre-series A,2000000.0,Bangalore,2021
1191,Ezstays,Education,Pre-series A,400000.0,New Delhi,2021
1192,Stylework,Business Intelligence,Pre-series A,500000.0,Gurgaon,2021
1193,Riskcovry,Technology,Series A,5000000.0,Bangalore,2021
1194,Quizizz,Education,Series A,12500000.0,Bangalore,2021
1195,Turtlemint,Technology,Series D,45000000.0,Mumbai,2021
1196,Captain Fresh,Commerce,Pre-series A,3000000.0,Bangalore,2021
1197,Northern Arc,Finance,Debt,10000000.0,Chennai,2021
1198,Qoohoo,Technology,Pre-series A,800000.0,Bangalore,2021
1199,The ePlane,Technology,Pre-series A,1000000.0,Chennai,2021
1200,Questt,Education,Pre-series A,1000000.0,Gurgaon,2021
1201,DealShare,Commerce,Debt,3000000.0,Jaipur,2021
1202,Euler Motors,Transport,Series A,4000000.0,New Delhi,2021
1203,KoineArth,Finance,Pre-series A,1800000.0,Bangalore,2021
1204,Northern Arc,Finance,Debt,50000000.0,Chennai,2021
1205,Virohan,Education,Series A,3000000.0,Gurgaon,2021
1206,BankSathi,Finance,Pre-series A,200000.0,New Delhi,2021
1207,BlissClub,Beauty & Fashion,Pre-series A,2000000.0,Bangalore,2021
1208,BricSpaces,Real Estate,Pre-series A,350000.0,Bangalore,2021
1209,ANSR,Business Intelligence,Series B,15000000.0,Bangalore,2021
1210,Reccy Adventures,Sports,Pre-series A,400000.0,Gurgaon,2021
1211,Magenta EV,Energy,Series A,15000000.0,Mumbai,2021
1212,Karbon Card,Finance,Pre-series A,1000000.0,Bangalore,2021
1213,Wysa,Technology,Series A,5000000.0,Bangalore,2021
1214,Agnikul,Technology,Series A,11000000.0,Chennai,2021
1215,Glamplus,Technology,Pre-series A,200000.0,Bangalore,2021
1216,Tekie,Education,Pre-series A,1500000.0,Gurgaon,2021
1217,Betterhalf.ai,LifeStyle,Pre-series A,3000000.0,Bangalore,2021
1218,Koo,Media & Entertainment,Series B,30000000.0,Bangalore,2021
1219,Mentoria,Education,Pre-series A,200000.0,Mumbai,2021
1220,Cuvette Tech,Business Intelligence,Pre-series A,1800000.0,Bangalore,2021
1221,FarMart,Agriculture,Pre-series A,24000000.0,Gurgaon,2021
1222,Kodo Card,Finance,Pre-series A,8000000.0,Mumbai,2021
1223,Cellestial,Manufacturing,Pre-series A,500000.0,Hyderabad,2021
1224,Jai Kisan,Finance,Series A,30000000.0,Mumbai,2021
1225,Plum,Health,Series A,15000000.0,Bangalore,2021
1226,Klassroom,Education,Pre-series A,200000.0,Mumbai,2021
1227,Convin,Technology,Pre-series A,300000.0,Bangalore,2021
1228,Mensa Brands,Beauty & Fashion,Series A,50000000.0,Bangalore,2021
1229,MedTel Healthcare,Health,Pre-series A,5000000.0,Odisha,2021
1231,RuleZero,Technology,Pre-series A,1000000.0,Bangalore,2021
1232,Rubix Data Sciences,Technology,Pre-series A,800000.0,Mumbai,2021
1233,Locobuzz,Business Intelligence,Series A,4000000.0,Mumbai,2021
1234,We Founder Circle,Finance,Pre-series A,2000000.0,Mumbai,2021
1235,Haqdarshak,Finance,Pre-series A,800000.0,Jaipur,2021
1236,Myelin Foundry,Technology,Pre-series A,1000000.0,Bangalore,2021
1237,SuperOps.ai,Technology,Pre-series A,3000000.0,Chennai,2021
1238,Teachmint,Education,Series A,16500000.0,Bangalore,2021
1239,Sarathi,Health,Pre-series A,100000.0,Jodhpur,2021
1240,Jidoka Technologies,Technology,Pre-series A,340000.0,Chennai,2021
1241,Rapido,Transport,Series C,43000000.0,Bangalore,2021
1242,ElasticRun,Commerce,Series D,75000000.0,Pune,2021
1243,Avail Finance,Finance,Debt,3000000.0,Bangalore,2021
1244,Nivesh,Finance,Pre-series A,1600000.0,Noida,2021
1245,Arthya Wealth and Investments,Finance,Pre-series A,1000000.0,Mumbai,2021
1246,Fi,Finance,Series B,50000000.0,Bangalore,2021
1247,Kiko Live,Commerce,Pre-series A,1000000.0,Gurgaon,2021
1248,The Hosteller,Hospitality,Pre-series A,1000000.0,Mumbai,2021
1249,Ruptok Fintech,Finance,Pre-series A,2000000.0,New Delhi,2021
1250,Dogsee Chew,Food & Beverages,Pre-series A,7000000.0,Bangalore,2021
1251,Advantage Club,Business Intelligence,Pre-series A,3300000.0,Gurgaon,2021
1252,Cora Health,LifeStyle,Pre-series A,600000.0,Bangalore,2021
1253,Battery Smart,Energy,Pre-series A,7000000.0,New Delhi,2021
1254,The Good Glamm Group,Technology,Series D,150000000.0,Pune,2021
1255,Mosaic Wellness,LifeStyle,Series A,24000000.0,Mumbai,2021
1256,CloudFiles,Technology,Pre-series A,300000.0,Bangalore,2021
1257,Xpand,Commerce,Pre-series A,1500000.0,New Delhi,2021
1258,Troo Good,Commerce,Series A,7000000.0,Hyderabad,2021
1259,Prodo,Commerce,Pre-series A,300000.0,New Delhi,2021
1260,Unnati,Finance,Series A,7000000.0,Noida,2021
1261,Lysto,Finance,Pre-series A,3000000.0,Bangalore,2021
1262,Wakefit,Commerce,Series C,20000000.0,Bangalore,2021
1263,Buyofuel,Energy,Pre-series A,100000.0,Coimbatore,2021
1264,ElectricPe,Transport,Pre-series A,3000000.0,Bangalore,2021
1265,Vayana Network,Finance,Series C,30000000.0,Pune,2021
1266,Valuationary,Education,Pre-series A,100000.0,Surat,2021
1267,EyeMyEye,Beauty & Fashion,Pre-series A,2000000.0,Gurgaon,2021
1268,DGV,Technology,Pre-series A,3000000.0,Bangalore,2021
1269,GuardianLink,Technology,Series A,12000000.0,Chennai,2021
1270,Clinikk,Hospitality,Pre-series A,4000000.0,Bangalore,2021
1271,Mensa,Commerce,Series B,135000000.0,Bangalore,2021
1272,GENLEAP,LifeStyle,Pre-series A,8000000.0,Haryana,2021
1273,Planys,Government,Pre-series A,1600000.0,Chennai,2021
1274,GoKwik,Technology,Series A,15000000.0,New Delhi,2021
1275,Velocity,Finance,Series A,20000000.0,Bangalore,2021
1276,SalaryBox,Finance,Pre-series A,4000000.0,Gurgaon,2021
1277,Boingg,Commerce,Pre-series A,200000.0,Gurgaon,2021
1278,Disprz,Education,Series B,13000000.0,Mumbai,2021
1279,Inzpira,Education,Pre-series A,300000.0,Thiruvananthapuram,2021
1280,Mindhouse,LifeStyle,Pre-series A,6000000.0,Gurgaon,2021
1281,Toppersnotes,Business Intelligence,Pre-series A,1000000.0,Jaipur,2021
1282,NoBroker.com,Real Estate,Series E,2100000.0,Bangalore,2021
1283,Haber,Manufacturing,Series B,20000000.0,Pune,2021
1284,Koparo,Commerce,Pre-series A,700000.0,New Delhi,2021
1285,Settl,Real Estate,Pre-series A,500000.0,Bangalore,2021
1286,Park+,Technology,Series B,25000000.0,New Delhi,2021
1287,Simple Energy,Transport,Pre-series A,21000000.0,Bangalore,2021
1288,Spinny,Transport,Series E,248000000.0,Gurgaon,2021
1289,Slice,Finance,Series B,220000000.0,Bangalore,2021
1290,21K School,Education,Pre-series A,5000000.0,Bangalore,2021
1291,Adda247,Education,Series B,20000000.0,Gurgaon,2021
1292,Rupifi,Finance,Debt,1000000.0,Bangalore,2021
1293,RENEE Cosmetics,Beauty & Fashion,Pre-series A,1500000.0,Ahmedabad,2021
1294,Svish,Commerce,Pre-series A,400000.0,Gurgaon,2021
1295,Progcap,Finance,Series C,30000000.0,New Delhi,2021
1296,Dâ€™Moksha Homes,Beauty & Fashion,Pre-series A,570000.0,Mumbai,2021
1297,ANS Commerce,Commerce,Pre-series A,2200000.0,Gurgaon,2021
1298,GramCover,Finance,Series A,7000000.0,Noida,2021
1299,Licious,Food & Beverages,Series G,52000000.0,Bangalore,2021
1300,Chalo,Transport,Series C,40000000.0,Mumbai,2021
1301,Sunstone Eduversity,Education,Series B,28000000.0,Gurgaon,2021
1302,Ozonetel,Telecommunications,Series A,5000000.0,Hyderabad,2021
1303,CoinSwitch Kuber,Finance,Series C,260000000.0,Bangalore,2021
1304,Pazcare,Finance,Pre-series A,3500000.0,Bangalore,2021
1305,kWh Bikes,Transport,Pre-series A,2000000.0,Bangalore,2021
1306,IBSFINtech,Technology,Pre-series A,1000000.0,Bangalore,2021
1307,Twin Health,LifeStyle,Series C,140000000.0,Chennai,2021
1308,Trica,Finance,Pre-series A,3000000.0,Mumbai,2021
1309,Rebel Foods,Technology,Series F,175000000.0,Mumbai,2021
1310,ProfitWheel,Business Intelligence,Pre-series A,3000000.0,Mumbai,2021
1311,Ishitva,Technology,Pre-series A,1000000.0,Ahmedabad,2021
1312,leap.club,Government,Pre-series A,810000.0,Gurgaon,2021
1313,F5,Commerce,Pre-series A,600000.0,New Delhi,2021
1314,ForeignAdmits,Education,Pre-series A,400000.0,Bangalore,2021
1315,SALT,Finance,Pre-series A,500000.0,Bangalore,2021
1316,EarnWealth,Finance,Pre-series A,500000.0,Pune,2021
1317,Crater.Club,Media & Entertainment,Pre-series A,700000.0,Bangalore,2021
1318,NFTically,Finance,Pre-series A,1000000.0,Gurgaon,2021
1319,ReshaMandi,Commerce,Series A,30000000.0,Bangalore,2021
1320,Hubilo,Technology,Series B,125000000.0,Ahmedabad,2021
1321,M2P Fintech,Finance,Series C,35000000.0,Chennai,2021
1322,Open Financial Technologies,Finance,Series C,90000000.0,Bangalore,2021
1323,Niro,Finance,Pre-series A,3500000.0,Bangalore,2021
1324,CarDekho,Transport,Series E,250000000.0,Jaipur,2021
1325,AnKa SumMor,Commerce,Pre-series A,1000000.0,Bangalore,2021
1326,Toch.ai,Technology,Series A,11000000.0,Mumbai,2021
1327,Playto Labs,Education,Pre-series A,500000.0,Bangalore,2021
1328,Fraazo,Food & Beverages,Series B,50000000.0,Mumbai,2021
1329,FloCareer,Business Intelligence,Series A,5700000.0,Bangalore,2021
1330,Nap Chief,Beauty & Fashion,Pre-series A,200000.0,Mumbai,2021
1331,AcknoLedger,Finance,Pre-series A,1500000.0,Mumbai,2021
1332,ApplicateAI,Technology,Series A,30000000.0,Gurgaon,2021
1333,Aviom India,Finance,Series C,8000000.0,Bhilwara,2021
1334,SaaS Labs,Technology,Series A,17000000.0,Noida,2021
1335,Devnagri,Government,Pre-series A,600000.0,Noida,2021
1336,CRED,Finance,Series E,250000000.0,Bangalore,2021
1337,ConveGenius,Business Intelligence,Pre-series A,5000000.0,Noida,2021
1338,CredAble,Finance,Series B,30000000.0,Mumbai,2021
1339,MarketWolf,Finance,Pre-series A,5500000.0,Mumbai,2021
1340,Wondrlab,Business Intelligence,Pre-series A,7000000.0,Mumbai,2021
1341,Tamasha,Media & Entertainment,Pre-series A,3000000.0,Mumbai,2021
1342,Revfin,Finance,Pre-series A,4000000.0,New Delhi,2021
1343,Yu Foodlabs,Food & Beverages,Pre-series A,1000000.0,Gurgaon,2021
1344,FarMart,Agriculture,Series A,10000000.0,Gurgaon,2021
1345,Questt,Education,Series A,6750000.0,Gurgaon,2021
1346,IDfy,Technology,Series D,10000000.0,Mumbai,2021
1347,ClearDekho,Commerce,Pre-series A,4000000.0,Ghaziabad,2021
1348,BookingJini,Hospitality,Pre-series A,1200000.0,Gurgaon,2021
1349,Sourcewiz,Technology,Pre-series A,3000000.0,Gurgaon,2021
1350,Kafqa Academy,Education,Pre-series A,1300000.0,Bangalore,2021
1351,Storia,Food & Beverages,Series A,6000000.0,Mumbai,2021
1352,Clear,Technology,Series C,75000000.0,Bangalore,2021
1353,Groww,Finance,Series E,250000000.0,Bangalore,2021
1354,Teachmint,Education,Series B,78000000.0,Bangalore,2021
1355,Porter,Transport,Series E,100000000.0,Bangalore,2021
1356,O4S,Technology,Series A,6000000.0,Gurgaon,2021
1357,Wobb,Commerce,Pre-series A,200000.0,Gurgaon,2021
1358,BASIC Home Loan,Finance,Series A,3500000.0,Gurgaon,2021
1359,Siply,Finance,Pre-series A,3200000.0,Bangalore,2021
1360,Healofy,Technology,Series B,6000000.0,Bangalore,2021
1361,E42,Technology,Series A,5400000.0,Pune,2021
1362,Spottabl,Business Intelligence,Pre-series A,400000.0,Bangalore,2021
1363,DeHaat,Technology,Series D,115000000.0,Gurgaon,2021
1364,Zolve,Finance,Series A,40000000.0,Bangalore,2021
1365,SportZchain,Sports,Pre-series A,400000.0,Mumbai,2021
1366,Hypto,Technology,Pre-series A,3000000.0,Chennai,2021
1367,CHUPPS,Beauty & Fashion,Pre-series A,1100000.0,Mumbai,2021
1368,Zenduty,Technology,Pre-series A,1900000.0,Bangalore,2021
1369,Acko,Finance,Series D,255000000.0,Bangalore,2021
1370,LoveLocal,Commerce,Pre-series A,18000000.0,Mumbai,2021
1371,SupplyNote,Food & Beverages,Pre-series A,1200000.0,Noida,2021
1372,Cloudphysician,Hospitality,Pre-series A,4000000.0,Bangalore,2021
1373,Wiggles.in,Health,Pre-series A,5500000.0,Pune,2021
1374,Avanti Finance,Finance,Series A,15000000.0,Bangalore,2021
1375,Vanity Wagon,Commerce,Pre-series A,700000.0,New Delhi,2021
1376,MFine,Hospitality,Series C,48000000.0,Bangalore,2021
1377,Mentza,Education,Pre-series A,400000.0,Mumbai,2021
1378,ConnectedH,Hospitality,Pre-series A,2300000.0,Gurgaon,2021
1379,CredAvenue,Finance,Series A,90000000.0,Chennai,2021
1380,Vedantu,Education,Series E,100000000.0,Bangalore,2021
1381,Exotel,Telecommunications,Series C,35000000.0,Bangalore,2021
1382,Fantasy Akhada,Sports,Series A,2000000.0,Gurgaon,2021
1383,Cusmat,Technology,Pre-series A,100000.0,Hyderabad,2021
1384,Coinshift,Finance,Pre-series A,2500000.0,Chandigarh,2021
1385,Strip Finance,Finance,Pre-series A,400000.0,Hyderabad,2021
1386,Kolo,Real Estate,Pre-series A,550000.0,Bangalore,2021
1387,Chqbook,Finance,Pre-series A,5000000.0,Gurgaon,2021
1388,Rulezero,Finance,Pre-series A,2500000.0,Bangalore,2021
1389,Karbon Card,Finance,Pre-series A,12000000.0,Bangalore,2021
1390,ePayLater,Finance,Series B,10000000.0,Mumbai,2021
1391,Fittr,LifeStyle,Series A,11000000.0,Pune,2021
1392,Medikabazaar,Health,Series C,75000000.0,Mumbai,2021
1393,Akudo,Finance,Pre-series A,4200000.0,Bangalore,2021
1394,88academics,Education,Pre-series A,3000000.0,New Delhi,2021
1395,Sanfe,LifeStyle,Series A,1000000.0,New Delhi,2021
1396,PredictiVu,Business Intelligence,Pre-series A,1500000.0,Gurgaon,2021
1397,Bijnis,Commerce,Series B,30000000.0,New Delhi,2021
1398,Manch Technologies,Technology,Pre-series A,1000000.0,Bangalore,2021
1399,Glamyo Health,Hospitality,Series A,3000000.0,New Delhi,2021
1400,CashBook,Finance,Pre-series A,2300000.0,Gurgaon,2021
1401,The Money Club,Finance,Pre-series A,1700000.0,Noida,2021
1402,SuperZop,Commerce,Series A,4000000.0,Mumbai,2021
1403,Zypp Electric,Transport,Series A,7000000.0,Gurgaon,2021
1404,VRO Hospitality,Hospitality,Series A,3000000.0,Bangalore,2021
1405,Leena AI,Technology,Series B,30000000.0,Gurgaon,2021
1406,CARS24,Transport,Series F,450000000.0,Gurgaon,2021
1407,Klub,Finance,Debt,2000000.0,Bangalore,2021
1408,Bluepad,Media & Entertainment,Pre-series A,200000.0,Bangalore,2021
1409,FloBiz,Technology,Series B,31000000.0,Bangalore,2021
1410,Tummoc,Transport,Pre-series A,540000.0,Bangalore,2021
1411,Aerchain,Technology,Pre-series A,3000000.0,Bangalore,2021
1412,CuriousJr,Education,Pre-series A,1000000.0,Gurgaon,2021
1413,Wow! Momo,Food & Beverages,Series C,15000000.0,Kolkata,2021
1414,ZestMoney,Finance,Series C,50000000.0,Bangalore,2021
1415,FrontRow,Education,Series A,14000000.0,Bangalore,2021
1416,HappyCredit,Finance,Pre-series A,600000.0,Bangalore,2021
1417,Endimension,Health,Pre-series A,300000.0,Mumbai,2021
1418,BeepKart,Transport,Pre-series A,3000000.0,Bangalore,2021
1419,Lio,Technology,Pre-series A,5000000.0,Pune,2021
1420,TravClan,Hospitality,Pre-series A,2200000.0,New Delhi,2021
1421,WickedGud,Food & Beverages,Pre-series A,340000.0,Mumbai,2021
1422,BetterPlace,Technology,Series C,24000000.0,Bangalore,2021
1423,GTM Buddy,Technology,Pre-series A,2000000.0,Hyderabad,2021
1424,Gobbly,Commerce,Pre-series A,900000.0,Gurgaon,2021
1425,HexaHealth,Health,Pre-series A,4500000.0,Mumbai,2021
1426,Eupheus Learning,Education,Series C,10000000.0,New Delhi,2021
1427,Anar,Technology,Pre-series A,6200000.0,Mumbai,2021
1428,Shadez,Commerce,Pre-series A,200000.0,Mumbai,2021
1429,Vahan,Technology,Series A,8000000.0,Bangalore,2021
1430,Godamwale,Transport,Pre-series A,1000000.0,Mumbai,2021
1431,Artium Academy,Media & Entertainment,Pre-series A,750000.0,Mumbai,2021
1432,Awon GameZ,Manufacturing,Pre-series A,2000000.0,Noida,2021
1433,Ayu Health,LifeStyle,Series A,6300000.0,Bangalore,2021
1434,Apna,Business Intelligence,Series C,100000000.0,Bangalore,2021
1435,BharatAgri,Agriculture,Series A,6500000.0,Bangalore,2021
1436,Flatheads,Beauty & Fashion,Pre-series A,1000000.0,Bangalore,2021
1437,Paytail,Finance,Pre-series A,1500000.0,New Delhi,2021
1438,4Fin,Finance,Pre-series A,1100000.0,Pune,2021
1439,immunitoAI,Health,Pre-series A,1000000.0,Bangalore,2021
1440,Farmers Fresh Zone,Agriculture,Pre-series A,800000.0,Kochi,2021
1441,Anveshan,Food & Beverages,Pre-series A,500000.0,Bangalore,2021
1442,Coutloot,Commerce,Pre-series A,8000000.0,Mumbai,2021
1443,Nova Benefits,LifeStyle,Series A,10000000.0,Bangalore,2021
1444,HomeLane,LifeStyle,Series E,50000000.0,Bangalore,2021
1445,Jar,Finance,Pre-series A,4500000.0,Bangalore,2021
1446,moneyHOP,Finance,Pre-series A,1200000.0,London,2021
1447,Codingal,Education,Pre-series A,1200000.0,Bangalore,2021
1448,Skit,Technology,Series B,23000000.0,Bangalore,2021
1449,Peak,Sports,Series C,75000000.0,Information Technology & Services,2021
1450,REVOS,Transport,Series A,4000000.0,Manchester,2021
1451,Dezerv.,Finance,Pre-series A,7000000.0,Mumbai,2021
1452,AppsForBharat,Commerce,Series A,10000000.0,Bangalore,2021
1453,Habbit,Education,Pre-series A,320000.0,Bangalore,2021
1454,Bikayi,Commerce,Series A,10000000.0,Hyderabad,2021
1455,Dukaan,Commerce,Series A,11000000.0,Bangalore,2021
1456,Vidyakul,Education,Bridge Round,500000.0,Gurgaon,2021
1457,Goodmylk,Food & Beverages,Pre-series A,1000000.0,Bangalore,2021
1458,Fieldproxy,Technology,Pre-series A,200000.0,Chennai,2021
1459,NeuroPixel.AI,Technology,Pre-series A,800000.0,Bangalore,2021
1460,Elixia Tech Solutions,Technology,Pre-series A,1000000.0,Mumbai,2021
1461,bitsCrunch,Finance,Pre-series A,700000.0,Chennai,2021
1462,Prolgae,Health,Pre-series A,200000.0,The Nilgiris,2021
1463,Biddano,LifeStyle,Pre-series A,2000000.0,Pune,2021
1464,Neokred,Finance,Pre-series A,500000.0,Bangalore,2021
1465,Delhivery,Transport,Series I,76000000.0,Gurgaon,2021
1466,Flipspaces,LifeStyle,Pre-series A,2000000.0,Mumbai,2021
1467,Fleek,Technology,Pre-series A,1000000.0,Bangalore,2021
1468,GoKwik,Technology,Pre-series A,5000000.0,New Delhi,2021
1469,Proeon,Food & Beverages,Pre-series A,2000000.0,Pune,2021
1470,InfyU Labs,Agriculture,Pre-series A,200000.0,Gandhinagar,2021
1471,TechEagle,Transport,Pre-series A,500000.0,Gurgaon,2021
1472,Cogos Technologies,Transport,Pre-series A,2000000.0,Bangalore,2021
1473,Gigforce,Business Intelligence,Pre-series A,3000000.0,Gurgaon,2021
1474,Vahdam,Food & Beverages,Series D,20000000.0,New Delhi,2021
1475,Leap Finance,Finance,Series C,55000000.0,Bangalore,2021
1476,CollegeDekho,Education,Series B,26000000.0,Gurgaon,2021
1477,WeRize,Finance,Series A,8000000.0,Bangalore,2021
